time,root_z,tip_z
0.0,0.0,0.0
0.005,2.889070388084355e-7,2.290473082275985e-9
0.01,1.2093710369631326e-6,2.0642507668051375e-8
0.015,2.8143696513947396e-6,5.389115497904127e-8
0.02,5.088465306294577e-6,-6.135385312660982e-8
0.025,7.992858102270957e-6,-7.362317908737649e-7
0.030000000000000002,1.1473994043006345e-5,-2.2980697173497266e-6
0.035,1.5466289517325238e-5,-4.629515471288023e-6
0.04,1.9892685547192106e-5,-7.401855803250898e-6
0.045,2.4665318498220607e-5,-1.038372388661229e-5
0.049999999999999996,2.9685651157996787e-5,-1.3340047209142504e-5
0.05499999999999999,3.4845912787872016e-5,-1.5940493730827964e-5
0.05999999999999999,4.003034868173032e-5,-1.7782506169166602e-5
0.06499999999999999,4.511577077654346e-5,-1.8508583145528867e-5
0.06999999999999999,4.997188639439427e-5,-1.8058771155188228e-5
0.075,5.4462927979476134e-5,-1.6685070721018184e-5
0.08,5.844890055140673e-5,-1.4643267451584593e-5
0.085,6.178655906343656e-5,-1.1981448903218909e-5
0.09000000000000001,6.433066375548511e-5,-8.679792137855343e-6
0.09500000000000001,6.593494126382278e-5,-4.803709489712743e-6
0.10000000000000002,6.645302089382607e-5,-3.5799707228024124e-7
0.10500000000000002,6.574034461985853e-5,4.867903956004421e-6
0.11000000000000003,6.36556559214104e-5,1.1268539017564103e-5
0.11500000000000003,6.0061804487059726e-5,1.9238768904828636e-5
0.12000000000000004,5.48268734110218e-5,2.8924765299942473e-5
0.12500000000000003,4.782573287082544e-5,4.0200187294913893e-5
0.13000000000000003,3.894150301292918e-5,5.2874746489135116e-5
0.13500000000000004,2.8066769234387585e-5,6.67702595565452e-5
0.14000000000000004,1.5104613658961894e-5,8.15748017974876e-5
0.14500000000000005,-3.0452808983856594e-8,9.678946906507764e-5
0.15000000000000005,-1.7411445096105958e-5,0.00011191932555503667
0.15500000000000005,-3.709748554576104e-5,0.00012668373962861334
0.16000000000000006,-5.9132725250577654e-5,0.00014103697069367454
0.16500000000000006,-8.354585871696232e-5,0.0001550081241765516
0.17000000000000007,-0.00011034940872728488,0.00016852810784342154
0.17500000000000007,-0.00013953869858500268,0.00018143088325766173
0.18000000000000008,-0.00017109102637121186,0.00019356366687686634
0.18500000000000008,-0.0002049651172606626,0.00020474206312195203
0.19000000000000009,-0.0002411008281986814,0.00021455758118691477
0.1950000000000001,-0.00027941898795841384,0.00022232984450308232
0.2000000000000001,-0.0003198210714742518,0.0002272898918724667
0.2050000000000001,-0.00036218880242557065,0.0002287885630858367
0.2100000000000001,-0.00040638419098233577,0.0002263492865601031
0.2150000000000001,-0.0004522499719151885,0.00021958324381506512
0.2200000000000001,-0.0004996099115561755,0.0002081327345076757
0.22500000000000012,-0.0005482689248194195,0.0001917479898376257
0.23000000000000012,-0.0005980133763392096,0.00017036705792379121
0.23500000000000013,-0.0006486117102253591,0.00014400850056777925
0.24000000000000013,-0.0006998153100633069,0.00011255121291869548
0.24500000000000013,-0.0007513594118745354,7.56537536496593e-5
0.2500000000000001,-0.0008029638949503421,3.2870332537544744e-5
0.2550000000000001,-0.0008543341307358944,-1.6214355175679806e-5
0.2600000000000001,-0.00090516225119921,-7.196598829987197e-5
0.2650000000000001,-0.0009551286968392302,-0.00013474348646633802
0.27000000000000013,-0.0010039036314153545,-0.00020485803964506575
0.27500000000000013,-0.0010511482277973845,-0.00028241644181187497
0.28000000000000014,-0.0010965161151333172,-0.0003672146199382776
0.28500000000000014,-0.0011396550974503395,-0.0004588280037243072
0.29000000000000015,-0.0011802090187312572,-0.0005567993090406792
0.29500000000000015,-0.0012178195623292808,-0.0006607205199070591
0.30000000000000016,-0.0012521279090829342,-0.0007701862861988366
0.30500000000000016,-0.0012827764820927626,-0.0008847647895709448
0.31000000000000016,-0.0013094110020222113,-0.0010040643773194312
0.31500000000000017,-0.001331682673522831,-0.001127802080646677
0.3200000000000002,-0.001349250194806752,-0.0012557395297137252
0.3250000000000002,-0.0013617816285922998,-0.0013875012355427634
0.3300000000000002,-0.0013689563788417936,-0.0015224467050591903
0.3350000000000002,-0.0013704673375675976,-0.0016597058737591768
0.3400000000000002,-0.0013660230395664884,-0.0017982811257386908
0.3450000000000002,-0.0013553496274131397,-0.001937072109007511
0.3500000000000002,-0.0013381926207505926,-0.002074843486056194
0.3550000000000002,-0.0013143187142309468,-0.0022102646466014035
0.3600000000000002,-0.001283517732544146,-0.0023420532804309946
0.3650000000000002,-0.0012456045487614002,-0.002469100552623559
0.3700000000000002,-0.001200420747650254,-0.002590452817441838
0.3750000000000002,-0.00114783611027136,-0.0027051820651295016
0.3800000000000002,-0.0010877501274291566,-0.0028122928158090953
0.38500000000000023,-0.0010200935683420378,-0.002910730573273592
0.39000000000000024,-0.0009448299264021088,-0.0029994001240245365
0.39500000000000024,-0.000861956577110282,-0.0030771059917738246
0.40000000000000024,-0.0007715056941619763,-0.0031424772377843992
0.40500000000000025,-0.0006735451203187057,-0.0031940018036704797
0.41000000000000025,-0.0005681792473017861,-0.0032301793117666612
0.41500000000000026,-0.00045554971716803326,-0.003249666445802889
0.42000000000000026,-0.00033583580023613564,-0.0032513104272156603
0.42500000000000027,-0.0002092545587334378,-0.00323410827774445
0.43000000000000027,-7.606097761540223e-5,-0.0031971994429790505
0.4350000000000003,6.345193969968415e-5,-0.003139905744899461
0.4400000000000003,0.0002089532799717532,-0.0030617216840571003
0.4450000000000003,0.00036007464908264033,-0.0029622032852537187
0.4500000000000003,0.0005164108382843058,-0.002840842995267
0.4550000000000003,0.0006775205643860682,-0.002697050617365366
0.4600000000000003,0.0008429272841727417,-0.0025302425517480746
0.4650000000000003,0.0010121202550884497,-0.002339934793891634
0.4700000000000003,0.0011845559271651135,-0.0021257726525536393
0.4750000000000003,0.00135965953733485,-0.0018875455423231578
0.4800000000000003,0.001536826750684402,-0.0016252594617405327
0.4850000000000003,0.0017154253695279423,-0.001339237165985238
0.4900000000000003,0.0018947972545498694,-0.0010301392130140385
0.49500000000000033,0.0020742605176924797,-0.0006988681667594452
0.5000000000000003,0.0022531118753394285,-0.0003464427053128993
0.5050000000000003,0.002430629029859433,2.6058980312190894e-5
0.5100000000000003,0.0026060731132830912,0.0004174917229536678
0.5150000000000003,0.0027786913422335755,0.0008266475595011262
0.5200000000000004,0.002947719924162346,0.001252293157349027
0.5250000000000004,0.0031123870802891767,0.0016931720699114162
0.5300000000000004,0.003271916061202544,0.002147916039341776
0.5350000000000004,0.0034255281921228803,0.0026149167891349203
0.5400000000000004,0.003572446062305694,0.003092264389434448
0.5450000000000004,0.0037118968682964973,0.003577783870472667
0.5500000000000004,0.0038431157821992544,0.0040691019695420294
0.5550000000000004,0.0039653492382167475,0.004563681843598977
0.5600000000000004,0.004077858188197629,0.005058850283404157
0.5650000000000004,0.004179921447468064,0.005551875020698959
0.5700000000000004,0.004270839134645486,0.0060400790652055305
0.5750000000000004,0.004349936077740813,0.006520906169092633
0.5800000000000004,0.0044165650993940615,0.006991884732138088
0.5850000000000004,0.004470110235610954,0.00745053848793224
0.5900000000000004,0.0045099899793135945,0.007894329291295056
0.5950000000000004,0.004535660523835724,0.00832064946643105
0.6000000000000004,0.004546618875214622,0.008726812987316663
0.6050000000000004,0.0045424057541824155,0.009110022858112719
0.6100000000000004,0.004522608345331777,0.00946736595672869
0.6150000000000004,0.004486862982251873,0.009795889822592744
0.6200000000000004,0.004434857745891544,0.01009273626559303
0.6250000000000004,0.004366334862831084,0.010355247105420162
0.6300000000000004,0.00428109285323796,0.010580995017143576
0.6350000000000005,0.004178988499387329,0.010767774375825373
0.6400000000000005,0.004059938710696494,0.010913602698422252
0.6450000000000005,0.003923922246735464,0.011016722599231372
0.6500000000000005,0.003770981183910928,0.011075557442984774
0.6550000000000005,0.003601222076826884,0.011088621789374666
0.6600000000000005,0.0034148168781108863,0.01105445503317964
0.6650000000000005,0.0032120036811903395,0.010971636990190837
0.6700000000000005,0.002993087243596645,0.010838866444416288
0.6750000000000005,0.002758439194253644,0.010655038220854623
0.6800000000000005,0.0025084979067195225,0.010419291569646988
0.6850000000000005,0.002243768121002121,0.010131058687225863
0.6900000000000005,0.0019648203802791506,0.009790133937247621
0.6950000000000005,0.0016722902433991024,0.009396725896834254
0.7000000000000005,0.0013668771883568014,0.008951436763955245
0.7050000000000005,0.0010493431955590782,0.008455172857870012
0.7100000000000005,0.0007205110850188526,0.007909051168967405
0.7150000000000005,0.00038126265464924085,0.007314352882994975
0.7200000000000005,3.2536569308027005e-5,0.006672513126207413
0.7250000000000005,-0.0003246740743308237,0.00598511199356213
0.7300000000000005,-0.0006893244992819447,0.005253869841786048
0.7350000000000005,-0.0010603212316644733,0.004480684552063944
0.7400000000000005,-0.0014365252619483694,0.0036677193520845432
0.7450000000000006,-0.0018167554179033601,0.002817490165197191
0.7500000000000006,-0.0021997920015310066,0.0019328924927486482
0.7550000000000006,-0.0025843806655554517,0.001017163438954755
0.7600000000000006,-0.0029692364447757823,7.382266255458262e-5
0.7650000000000006,-0.0033530479023161086,-0.0008933797105857561
0.7700000000000006,-0.00373448143638112,-0.0018805239887472916
0.7750000000000006,-0.004112185798582687,-0.0028836070703735133
0.7800000000000006,-0.004484796796509913,-0.0038986254728341063
0.7850000000000006,-0.004850942101061616,-0.004921603384519989
0.7900000000000006,-0.005209246121021348,-0.00594855228665602
0.7950000000000006,-0.005558334976826448,-0.00697540501205594
0.8000000000000006,-0.005896841600028039,-0.007997972554015735
0.8050000000000006,-0.006223410912385397,-0.009011929550446404
0.8100000000000006,-0.006536704995239487,-0.010012806993451535
0.8150000000000006,-0.006835408211287313,-0.010995991713856759
0.8200000000000006,-0.0071182323178734285,-0.011956764805887648
0.8250000000000006,-0.007383921597997139,-0.012890396681721736
0.8300000000000006,-0.007631257965437515,-0.013792264633072308
0.8350000000000006,-0.007859065974579239,-0.014657937710755103
0.8400000000000006,-0.008066217715133979,-0.015483208505419118
0.8450000000000006,-0.008251637627905917,-0.01626409448372242
0.8500000000000006,-0.008414307256631903,-0.016996831690029097
0.8550000000000006,-0.008553269879176739,-0.0176778529619004
0.8600000000000007,-0.008667634939777492,-0.018303736478467888
0.8650000000000007,-0.008756582260271189,-0.018871144167146754
0.8700000000000007,-0.0088193660593429,-0.019376796558125912
0.8750000000000007,-0.00885531878561044,-0.019817510132913854
0.8800000000000007,-0.008863854712468163,-0.02019027530923432
0.8850000000000007,-0.008844473238367935,-0.020492334417666916
0.8900000000000007,-0.00879676189242318,-0.02072124556262922
0.8950000000000007,-0.008720399084069923,-0.02087494320897386
0.9000000000000007,-0.008615156607022638,-0.02095179240123947
0.9050000000000007,-0.008480901853300976,-0.020950608207836896
0.9100000000000007,-0.008317599683551943,-0.020870618229431936
0.9150000000000007,-0.00812531394802489,-0.020711383791141166
0.9200000000000007,-0.007904208690723544,-0.020472725675590386
0.9250000000000007,-0.007654549036336302,-0.020154685738074038
0.9300000000000007,-0.0073767017103100185,-0.019757518032525675
0.9350000000000007,-0.007071135150604561,-0.019281694303048304
0.9400000000000007,-0.006738419223873698,-0.01872792976060544
0.9450000000000007,-0.006379224589557688,-0.018097242511002344
0.9500000000000007,-0.005994321723932525,-0.01739103423815131
0.9550000000000007,-0.005584579571824945,-0.016611151500793172
0.9600000000000007,-0.005150963803210384,-0.015759895199284998
0.9650000000000007,-0.004694534699317979,-0.014839982539955198
0.9700000000000008,-0.004216444708770436,-0.013854488496409675
0.9750000000000008,-0.003717935676798158,-0.012806783234508849
0.9800000000000008,-0.003200335711503847,-0.011700462463158276
0.9850000000000008,-0.0026650556669672682,-0.010539273499426948
0.9900000000000008,-0.0021135852698746438,-0.009327064027255737
0.9950000000000008,-0.0015474889320618798,-0.008067781506167833
1.0000000000000007,-0.0009684012608990683,-0.006765518799986612
1.0050000000000006,-0.0003780222494045353,-0.005424571657162104
1.0100000000000005,0.0002218878490137638,-0.004049477916959146
1.0150000000000003,0.0008295139151477344,-0.0026450344692751085
1.0200000000000002,0.0014429915811760298,-0.0012162979987740668
1.0250000000000001,0.0020604130552239644,0.00023143832545817608
1.03,0.0026798331667492953,0.0016927078878386421
1.035,0.0032992756315490556,0.0031619692726249865
1.0399999999999998,0.00391673949789769,0.0046337070012217926
1.0449999999999997,0.004530205732693391,0.0061024983020500035
1.0499999999999996,0.005137643938341346,0.00756303769576344
1.0549999999999995,0.005737019206971768,0.009010134433421031
1.0599999999999994,0.006326299093586748,0.010438694256133836
1.0649999999999993,0.006903460657078516,0.011843683876704255
1.0699999999999992,0.0074664975181578,0.01322008158304769
1.074999999999999,0.008013426912539845,0.014562838480985527
1.079999999999999,0.008542296735858613,0.01586688134486668
1.0849999999999989,0.00905119256074285,0.017127164484160066
1.0899999999999987,0.009538244581185186,0.01833874902157751
1.0949999999999986,0.010001634443648488,0.01949688323251767
1.0999999999999985,0.010439601956009613,0.020597072986620255
1.1049999999999984,0.010850451683761855,0.021635142194905164
1.1099999999999983,0.011232559411483942,0.022607273017978713
1.1149999999999982,0.011584378418016997,0.02351000313442983
1.119999999999998,0.011904445532109653,0.024340176016536326
1.124999999999998,0.012191386953209378,0.02509487162968883
1.129999999999998,0.012443923827977071,0.025771351958092444
1.1349999999999978,0.012660877555828384,0.026367037941123685
1.1399999999999977,0.012841174776547214,0.02687951406348051
1.1449999999999976,0.012983852008521188,0.027306554194550407
1.1499999999999975,0.013088059935594377,0.02764617180259599
1.1549999999999974,0.013153067345238406,0.02789669407936455
1.1599999999999973,0.013178264702371302,0.02805683948134735
1.1649999999999971,0.013163167331713431,0.028125766214573654
1.169999999999997,0.013107418191073484,0.02810307360785224
1.174999999999997,0.013010790235721714,0.02798876633722979
1.1799999999999968,0.012873188374327538,0.02778320161155345
1.1849999999999967,0.01269465099961369,0.02748702912772381
1.1899999999999966,0.012475351062694094,0.027101128932871834
1.1949999999999965,0.012215596669180283,0.026626561105833505
1.1999999999999964,0.011915831201095921,0.026064548056293546
1.2049999999999963,0.011576632977719018,0.025416501679411348
1.2099999999999962,0.011198714448340731,0.024684082723014426
1.214999999999996,0.010782920900814976,0.02386926168781327
1.219999999999996,0.010330228691949503,0.02297436078514363
1.2249999999999959,0.009841743022790318,0.022002073998059868
1.2299999999999958,0.009318695278588921,0.020955463331734623
1.2349999999999957,0.00876243993358595,0.019837923658567805
1.2399999999999956,0.008174451008492036,0.0186531138504994
1.2449999999999954,0.007556318083110459,0.01740486942017873
1.2499999999999953,0.00690974188427004,0.016097125459883906
1.2549999999999952,0.0062365294651416485,0.014733872799197864
1.2599999999999951,0.005538588977897205,0.013319150906224358
1.264999999999995,0.004817924041614598,0.01185706752704379
1.269999999999995,0.004076627725771326,0.010351836105291737
1.2749999999999948,0.003316876187125382,0.008807825787087147
1.2799999999999947,0.0025409219939172755,0.007229610508435274
1.2849999999999946,0.0017510871559593983,0.0056219933633405335
1.2899999999999945,0.0009497558724771836,0.00398998892272981
1.2949999999999944,0.0001393670220427864,0.002338766229242452
1.2999999999999943,-0.0006775935684752165,0.0006735716618384886
1.3049999999999942,-0.0014986010529258263,-0.0010003492309325415
1.309999999999994,-0.0023210996801747027,-0.0026778198509996285
1.314999999999994,-0.0031425110788331732,-0.004353779833586883
1.3199999999999938,-0.003960242692069816,-0.006023299609108747
1.3249999999999937,-0.004771696320301375,-0.00768155671801307
1.3299999999999936,-0.005574276731371503,-0.009323782934859727
1.3349999999999935,-0.006365400313750075,-0.010945206228672228
1.3399999999999934,-0.007142503747023686,-0.012541011368624257
1.3449999999999933,-0.007903052652359684,-0.014106329661440705
1.3499999999999932,-0.00864455017777798,-0.015636258345098727
1.354999999999993,-0.00936454548180629,-0.01712590795895426
1.359999999999993,-0.010060642097545591,-0.018570473835715126
1.3649999999999929,-0.010730506165556288,-0.019965318744092683
1.3699999999999928,-0.011371874510619258,-0.021306043354517044
1.3749999999999927,-0.011982562525253376,-0.022588523849177276
1.3799999999999926,-0.01256047182917356,-0.023808910524585256
1.3849999999999925,-0.013103597689366682,-0.024963595155718072
1.3899999999999924,-0.0136100361813613,-0.02604916155022849
1.3949999999999922,-0.014077991052095035,-0.027062332885617338
1.3999999999999921,-0.014505780239033423,-0.02799992806917414
1.404999999999992,-0.01489184201971705,-0.02885884386346814
1.409999999999992,-0.015234740773569701,-0.029636075694828422
1.4149999999999918,-0.015533172335768779,-0.030328771448911076
1.4199999999999917,-0.015785968930856976,-0.030934301634395263
1.4249999999999916,-0.015992103661818725,-0.03145032853551462
1.4299999999999915,-0.01615069453995882,-0.03187485860187676
1.4349999999999914,-0.01626100805747525,-0.0322062685747563
1.4399999999999913,-0.01632246229604503,-0.03244330059681271
1.4449999999999912,-0.01633462955250492,-0.03258502493586708
1.449999999999991,-0.016297238457501605,-0.0326307789362576
1.454999999999991,-0.01621017556830545,-0.03258010253784843
1.4599999999999909,-0.016073486429376702,-0.032432693342193224
1.4649999999999908,-0.01588737609911356,-0.03218839450513843
1.4699999999999906,-0.015652209132493895,-0.03184721543507624
1.4749999999999905,-0.015368509008023482,-0.03140937925300198
1.4799999999999904,-0.015036957002791283,-0.03087538705863507
1.4849999999999903,-0.01465839053712559,-0.030246083459466333
1.4899999999999902,-0.0142338010052713,-0.02952270613943117
1.4949999999999901,-0.013764331091679696,-0.02870690405702078
1.49999999999999,-0.0132512715735404,-0.027800716316486562
1.50499999999999,-0.012696057622169372,-0.026806519282342282
1.5099999999999898,-0.0121002646172563,-0.02572695949550696
1.5149999999999897,-0.011465603480994778,-0.024564888237586322
1.5199999999999896,-0.01079391553458886,-0.023323311869165666
1.5249999999999895,-0.01008716688256588,-0.022005370378222252
1.5299999999999894,-0.00934744234533777,-0.020614349744516217
1.5349999999999893,-0.008576938970423323,-0.01915372458504934
1.5399999999999892,-0.007777959148421111,-0.01762721766976185
1.544999999999989,-0.006952903355566223,-0.016038855557482037
1.549999999999989,-0.006104262548601786,-0.014393000926995227
1.5549999999999888,-0.005234610244795863,-0.012694351649889121
1.5599999999999887,-0.004346594321186449,-0.010947906989975848
1.5649999999999886,-0.0034429285584948953,-0.009158907018718616
1.5699999999999885,-0.0025263839463057058,-0.007332755802742497
1.5749999999999884,-0.0015997797685095682,-0.0054749453243377565
1.5799999999999883,-0.0006659744976704829,-0.0035909990042004266
1.5849999999999882,0.000272143468114653,-0.0016864479815717304
1.589999999999988,0.001211665197645493,0.00023315745291979374
1.594999999999988,0.002149670720191947,0.002162210877566722
1.5999999999999879,0.0030832385829735152,0.004095003008307302
1.6049999999999878,0.004009455433649514,0.006025681969798012
1.6099999999999877,0.00492542558122573,0.0079482346657405
1.6149999999999876,0.005828280494809851,0.009856496975053837
1.6199999999999875,0.006715188222150028,0.011744196615914053
1.6249999999999873,0.007583362699589064,0.013605025077607177
1.6299999999999872,0.008430072918160803,0.015432722944226243
1.6349999999999871,0.00925265191723999,0.017221158606483638
1.639999999999987,0.010048505582712532,0.018964384024606373
1.644999999999987,0.010815121230137233,0.020656658563168284
1.6499999999999868,0.01155007594455141,0.022292441234789222
1.6549999999999867,0.012251044636180122,0.023866358751374064
1.6599999999999866,0.012915807773074179,0.02537316221596092
1.6649999999999865,0.01354225876476524,0.026807689681542162
1.6699999999999864,0.01412841097423578,0.02816485153440823
1.6749999999999863,0.014672404328298888,0.029439649963522163
1.6799999999999862,0.015172511494780053,0.03062723212189296
1.684999999999986,0.015627143608779055,0.03172296493043053
1.689999999999986,0.016034855541652834,0.03272251644741081
1.6949999999999859,0.0163943507013368,0.03362192943720018
1.6999999999999857,0.01670448534739768,0.03441767214995588
1.7049999999999856,0.016964272410503342,0.03510665723026892
1.7099999999999855,0.017172884797556926,0.035686227375945026
1.7149999999999854,0.01732965816402322,0.03615411146137579
1.7199999999999853,0.01743409315227125,0.03650836824476475
1.7249999999999852,0.017485857079637644,0.03674734122693289
1.729999999999985,0.017484956472391414,0.03686963994712439
1.734999999999985,0.017431817770895756,0.036874157739384725
1.739999999999985,0.017326700343556323,0.036760102366175926
1.7449999999999848,0.017169936791284993,0.03652694642908019
1.7499999999999847,0.016961998970521322,0.036174357587233474
1.7549999999999846,0.016703506931779747,0.03570246868093561
1.7599999999999845,0.016395231679600872,0.03511235445878271
1.7649999999999844,0.016038091849083454,0.03440594863814781
1.7699999999999843,0.015633152237749994,0.033585604668900614
1.7749999999999841,0.015181619174552193,0.0326540675185331
1.779999999999984,0.014684838079054711,0.03161455131292285
1.784999999999984,0.014144289450835644,0.03047065259638474
1.7899999999999838,0.013561584847461302,0.02922624624291932
1.7949999999999837,0.01293846084105761,0.02788524002844632
1.7999999999999836,0.012276774517813041,0.026451486568980276
1.8049999999999835,0.011578498084985131,0.024929093440921028
1.8099999999999834,0.010845712940566275,0.02332274844119252
1.8149999999999833,0.01008060329856587,0.02163769457785332
1.8199999999999832,0.009285449749598332,0.019879523911309517
1.824999999999983,0.008462621849109123,0.01805423361036136
1.829999999999983,0.007614571618186571,0.016168364906088552
1.8349999999999829,0.0067438266624304105,0.014228921547293973
1.8399999999999828,0.005852982266534939,0.012243138635514341
1.8449999999999827,0.004944693326909447,0.010218155016382367
1.8499999999999825,0.004021666720351308,0.008160859640763962
1.8549999999999824,0.0030866534496668038,0.006078060399012592
1.8599999999999823,0.0021424404989980462,0.003976637068572086
1.8649999999999822,0.001191842337103393,0.001863458003129407
1.8699999999999821,0.00023769233515381002,-0.000254697154577359
1.874999999999982,-0.0007171658502278365,-0.0023709720973780525
1.879999999999982,-0.0016698864619573242,-0.0044782060126400455
1.8849999999999818,-0.002617629850681725,-0.006568904814413607
1.8899999999999817,-0.003557571284502537,-0.008635440464922962
1.8949999999999816,-0.004486909613851828,-0.010670330312601084
1.8999999999999815,-0.005402875332440533,-0.012666377654700441
1.9049999999999814,-0.006302738597770376,-0.014616639418986225
1.9099999999999813,-0.007183817335529202,-0.016514463803031825
1.9149999999999812,-0.00804348535076375,-0.018353687092354014
1.919999999999981,-0.00887918036768314,-0.020128721222159217
1.924999999999981,-0.009688411690244198,-0.021834372190093654
1.9299999999999808,-0.010468767369150473,-0.023465575433054078
1.9349999999999807,-0.011217921336283949,-0.025017279223891575
1.9399999999999806,-0.011933640656000572,-0.02648451545028606
1.9449999999999805,-0.012613792357189981,-0.027862516605998346
1.9499999999999804,-0.013256349586716343,-0.029146731972686534
1.9549999999999803,-0.013859397419772013,-0.030332804888031074
1.9599999999999802,-0.014421138543784027,-0.03141670685457384
1.96499999999998,-0.01493989873248078,-0.03239501570759397
1.96999999999998,-0.015414131949233124,-0.03326507626246615
1.9749999999999799,-0.015842424872100858,-0.03402491088042985
1.9799999999999798,-0.016223500879553734,-0.034673034294833885
1.9849999999999797,-0.01655622388090481,-0.035208353157485564
1.9899999999999796,-0.016839602004261683,-0.03563015320181598
1.9949999999999795,-0.017072790690971357,-0.035938050427140954
1.9999999999999793,-0.017255095059521296,-0.03613184119198856
2.0049999999999795,-0.017385971823833543,-0.036211383911016644
2.0099999999999794,-0.017465030938404916,-0.03617669016959319
2.0149999999999793,-0.017492036884629834,-0.03602816851194232
2.019999999999979,-0.017466909413792014,-0.03576679221511135
2.024999999999979,-0.017389723621946487,-0.03539410031718661
2.029999999999979,-0.01726070952088639,-0.03491214977470105
2.034999999999979,-0.01708025139994784,-0.03432352862388194
2.0399999999999787,-0.016848886914852142,-0.03363137633193692
2.0449999999999786,-0.016567305572317875,-0.03283927950940675
2.0499999999999785,-0.016236346557598362,-0.031951029198304726
2.0549999999999784,-0.015856996153893185,-0.030970405401929156
2.0599999999999783,-0.015430384892551215,-0.029901148143547322
2.064999999999978,-0.014957784332275032,-0.028747064839437706
2.069999999999978,-0.014440603282697641,-0.027512106842978595
2.074999999999978,-0.013880383424888787,-0.02620037812249569
2.079999999999978,-0.013278794539833308,-0.024816183490292097
2.0849999999999778,-0.012637629573047836,-0.023364167536132636
2.0899999999999777,-0.01195879944243181,-0.02184943943211187
2.0949999999999775,-0.011244327351949397,-0.02027753994885848
2.0999999999999774,-0.01049634263696259,-0.01865424711924528
2.1049999999999773,-0.009717074377857137,-0.01698537122444129
2.1099999999999772,-0.008908844891483263,-0.015276658038324219
2.114999999999977,-0.008074062979870851,-0.013533753726167878
2.119999999999977,-0.0072152167668948115,-0.011762132329125919
2.124999999999977,-0.006334866137922379,-0.009967013016170412
2.129999999999977,-0.005435635000261448,-0.008153387770896768
2.1349999999999767,-0.004520203517122325,-0.006326190681183185
2.1399999999999766,-0.003591300205538659,-0.004490487841836444
2.1449999999999765,-0.002651693740390731,-0.002651547997225178
2.1499999999999764,-0.00170418454910789,-0.0008147868586563475
2.1549999999999763,-0.0007515964255973925,0.0010143095570771857
2.159999999999976,0.00020323175618280702,0.002830227103158775
2.164999999999976,0.0011574543544587608,0.0046274970123075625
2.169999999999976,0.002108227427809097,0.006400861328930091
2.174999999999976,0.003052717302083483,0.00814545802767846
2.1799999999999757,0.0039881090417398825,0.00985688888940147
2.1849999999999756,0.0049116147447706236,0.011531133183617181
2.1899999999999755,0.005820481788193394,0.013164405559732775
2.1949999999999754,0.006712001127117709,0.014753062221030655
2.1999999999999753,0.0075835155291088105,0.01629354955870201
2.204999999999975,0.00843242754644052,0.01778233071466379
2.209999999999975,0.009256207171892544,0.019215798279309332
2.214999999999975,0.010052399286360886,0.020590267400116657
2.219999999999975,0.010818630994455593,0.021902105547066387
2.2249999999999748,0.011552618759703691,0.023147926005075262
2.2299999999999747,0.012252175175271593,0.02432471849739182
2.2349999999999746,0.012915215351546985,0.025429878806100804
2.2399999999999745,0.013539763055991614,0.026461198622302725
2.2449999999999743,0.014123956682039989,0.027416859641135705
2.2499999999999742,0.014666054931053612,0.028295390822029386
2.254999999999974,0.015164442041460086,0.029095534848461845
2.259999999999974,0.015617632549547178,0.029816064631559846
2.264999999999974,0.016024275695034278,0.03045566702227108
2.269999999999974,0.016383159519120914,0.031012957898898894
2.2749999999999737,0.01669321454589469,0.031486578195187666
2.2799999999999736,0.01695351691658721,0.03187528643896056
2.2849999999999735,0.017163291003883887,0.03217803272331203
2.2899999999999734,0.017321911647376245,0.032394056732347805
2.2949999999999733,0.01742890606054344,0.032523008154432965
2.299999999999973,0.01748395530666139,0.03256500790528605
2.304999999999973,0.017486895243720883,0.03252058278850548
2.309999999999973,0.017437716967354883,0.0323905092230313
2.314999999999973,0.017336566854522426,0.03217566466506473
2.3199999999999728,0.01718374623525205,0.03187694326345569
2.3249999999999726,0.01697971058307381,0.0314952125746754
2.3299999999999725,0.016725068129095997,0.03103127880876096
2.3349999999999724,0.016420577951621867,0.03048589096794398
2.3399999999999723,0.01606714766435075,0.02985983702873439
2.344999999999972,0.01566583073759539,0.029154114237951917
2.349999999999972,0.015217823373381362,0.028370078259716457
2.354999999999972,0.014724460880235074,0.02750949392286115
2.359999999999972,0.014187213618359673,0.026574500044771864
2.364999999999972,0.013607682630933371,0.02556754784302025
2.3699999999999717,0.01298759497533454,0.024491331796212268
2.3749999999999716,0.012328798661275356,0.023348685393243137
2.3799999999999715,0.011633257138149309,0.022142441029448272
2.3849999999999714,0.010903043400487823,0.020875319930129536
2.3899999999999713,0.010140333815258385,0.01954992723524983
2.394999999999971,0.0093474016794827,0.018168851167427485
2.399999999999971,0.008526610441408896,0.016734792694177207
2.404999999999971,0.007680406569739096,0.015250666113698278
2.409999999999971,0.006811312169020688,0.013719673622633906
2.4149999999999707,0.0059219174546752355,0.012145373514996435
2.4199999999999706,0.005014873094477908,0.010531715270167682
2.4249999999999705,0.004092882353294637,0.008882987380918986
2.4299999999999704,0.0031586930275964856,0.007203673694971413
2.4349999999999703,0.002215089249088746,0.005498288479864118
2.43999999999997,0.0012648832393666347,0.0037712694138193597
2.44499999999997,0.00031090700402583123,0.002026945196137706
2.44999999999997,-0.000643996095694114,0.0002695436041637327
2.45499999999997,-0.0015969798870578253,-0.001496776529572037
2.4599999999999698,-0.002545203946233812,-0.003267847029084192
2.4649999999999697,-0.0034858420832925285,-0.005039359154566558
2.4699999999999696,-0.004416090748170813,-0.006806732840236342
2.4749999999999694,-0.005333177395842847,-0.008565062951085679
2.4799999999999693,-0.006234368790336076,-0.010309167252500709
2.4849999999999692,-0.007116979159913997,-0.012033692618682052
2.489999999999969,-0.007978378139985302,-0.013733228236313134
2.494999999999969,-0.008815998525355515,-0.015402416573578132
2.499999999999969,-0.00962734388480902,-0.017036069990894492
2.504999999999969,-0.010409996031707234,-0.018629268609763574
2.5099999999999687,-0.011161622265269126,-0.020177384926596587
2.5149999999999686,-0.011879982315297214,-0.02167600827801152
2.5199999999999685,-0.012562935013851098,-0.023120813673326593
2.5249999999999684,-0.01320844472153565,-0.024507449791209224
2.5299999999999683,-0.013814587469114202,-0.02583147959096567
2.534999999999968,-0.014379556728705408,-0.027088362020769523
2.539999999999968,-0.014901668762892657,-0.028273467691887502
2.544999999999968,-0.015379367582070251,-0.029382149226172605
2.549999999999968,-0.015811229555776102,-0.030409879869506346
2.5549999999999677,-0.01619596765774473,-0.03135242298467639
2.5599999999999676,-0.016532435282616727,-0.03220596104597775
2.5649999999999675,-0.01681962961568953,-0.03296714102306876
2.5699999999999674,-0.017056694596689608,-0.033633050044724236
2.5749999999999673,-0.01724292350860054,-0.034201158274010504
2.579999999999967,-0.017377761156632476,-0.034669241982726716
2.584999999999967,-0.017460805571036804,-0.0350352825144801
2.589999999999967,-0.017491809206975174,-0.035297364879870195
2.594999999999967,-0.017470679670355153,-0.035453631543757004
2.599999999999967,-0.017397479999959282,-0.035502327744081706
2.6049999999999667,-0.017272428489982297,-0.035441920173005334
2.6099999999999666,-0.017095898008730324,-0.035271234442957766
2.6149999999999665,-0.016868414814048233,-0.03498956779152151
2.6199999999999664,-0.01659065693072793,-0.034596771128194675
2.6249999999999662,-0.016263452133744312,-0.03409330102964385
2.629999999999966,-0.01588777552048796,-0.033480216599522855
2.634999999999966,-0.015464746634342854,-0.032759098236172964
2.639999999999966,-0.014995626137705616,-0.03193190991707633
2.644999999999966,-0.014481812077129244,-0.031000864915386585
2.6499999999999657,-0.013924835767718921,-0.02996834543289647
2.6549999999999656,-0.013326357270357407,-0.02883688446676208
2.6599999999999655,-0.01268816043008439,-0.027609193184977284
2.6649999999999654,-0.012012147500169726,-0.026288225738008236
2.6699999999999653,-0.01130033341838415,-0.024877282651997616
2.674999999999965,-0.010554839781373348,-0.023380134535695235
2.679999999999965,-0.009777888515668073,-0.021801115480647233
2.684999999999965,-0.008971795239377921,-0.020145137285324254
2.689999999999965,-0.008138962345653894,-0.018417621065619078
2.6949999999999648,-0.007281871862568717,-0.016624382178806515
2.6999999999999647,-0.006403078117758757,-0.014771503195510505
2.7049999999999645,-0.005505200186500662,-0.01286520921215046
2.7099999999999644,-0.0045909141061113955,-0.01091175800894922
2.7149999999999643,-0.0036629448867077853,-0.008917375899613847
2.7199999999999642,-0.0027240583699363473,-0.006888270280368795
2.724999999999964,-0.0017770529736823044,-0.004830714076174039
2.729999999999964,-0.0008247513287956835,-0.0027511564235517022
2.734999999999964,0.00013000818256626392,-0.0006563080890464506
2.739999999999964,0.001084379936968737,0.0014468207973101787
2.7449999999999637,0.0020355195633582155,0.0035509295962882787
2.7499999999999636,0.0029805923881994966,0.005648485277212577
2.7549999999999635,0.003916781837643176,0.0077318376045386016
2.7599999999999634,0.004841297800206719,0.009793378715259744
2.7649999999999633,0.005751384922797644,0.011825702086601485
2.769999999999963,0.006644330798283348,0.013821708774911267
2.774999999999963,0.007517474024273543,0.015774639371967852
2.779999999999963,0.008368212136573253,0.017678046579997986
2.784999999999963,0.009194009408726464,0.01952573224117028
2.7899999999999627,0.0099924044708194,0.021311663480757255
2.7949999999999626,0.010761017685055895,0.023029884487477364
2.7999999999999625,0.011497558244194486,0.024674456449059697
2.8049999999999624,0.01219983099679485,0.02623946512456033
2.8099999999999623,0.012865742987439893,0.02771910806997654
2.814999999999962,0.013493309671708026,0.029107828755985072
2.819999999999962,0.014080660784866837,0.030400453658780677
2.824999999999962,0.014626045861268446,0.031592307371031685
2.829999999999962,0.015127839419444152,0.032679293464169604
2.8349999999999618,0.015584545816644452,0.03365792742134466
2.8399999999999617,0.015994803739711898,0.03452530541173869
2.8449999999999616,0.01635739029560892,0.03527900936892298
2.8499999999999615,0.01667122468689724,0.035916982599984014
2.8549999999999613,0.016935371467374064,0.03643742701964269
2.8599999999999612,0.017149043362368645,0.03683875571748932
2.864999999999961,0.01731160362579079,0.03711960380669031
2.869999999999961,0.01742256791210206,0.037278885860496484
2.874999999999961,0.017481605668336526,0.03731589239973075
2.879999999999961,0.017488541070079917,0.03723041241439247
2.8849999999999607,0.017443353518772294,0.037022847439215405
2.8899999999999606,0.017346177694406516,0.03669427445658368
2.8949999999999605,0.017197303150535307,0.03624643339474157
2.8999999999999604,0.016997173459876905,0.03568164687096471
2.9049999999999603,0.01674638493056648,0.03500270389050595
2.90999999999996,0.016445684885644015,0.03421273696042964
2.91499999999996,0.016095969477438396,0.03331510883830713
2.91999999999996,0.0156982810275077,0.03231333069868421
2.92499999999996,0.015253804904652864,0.031211040251448947
2.9299999999999597,0.014763865967406059,0.030012050129097658
2.9349999999999596,0.014229924589531328,0.02872044531222275
2.9399999999999595,0.013653572272536118,0.027340687622951713
2.9449999999999594,0.013036526861024435,0.02587768877441625
2.9499999999999593,0.012380627396895955,0.024336833325228617
2.954999999999959,0.011687828645161286,0.022723947723189426
2.959999999999959,0.010960195302660028,0.02104521554300115
2.964999999999959,0.010199895886443322,0.019307045960811973
2.969999999999959,0.009409196303638252,0.01751592162645256
2.974999999999959,0.00859045312096833,0.015678269547716527
2.9799999999999587,0.007746106557537478,0.013800390550896192
2.9849999999999586,0.00687867321618303,0.011888454981270268
2.9899999999999585,0.005990738561140941,0.009948550640293184
2.9949999999999584,0.0050849491652762546,0.007986762053695386
2.9999999999999583,0.004164004774652751,0.006009259828222492
3.004999999999958,0.003230650233226303,0.004022373446086777
3.009999999999958,0.0022876672975326775,0.002032616470691728
3.014999999999958,0.0013378663603026077,4.6645630704076854e-5
3.019999999999958,0.00038407809414729276,-0.0019288408259899342
3.0249999999999577,-0.0005708549549689097,-0.003887238204498001
3.0299999999999576,-0.0015240867963279229,-0.005822169011610595
3.0349999999999575,-0.0024727764374604414,-0.007727588744707558
3.0399999999999574,-0.003414096338211714,-0.009597845901203021
3.0449999999999573,-0.004345240857796508,-0.011427682897819862
3.049999999999957,-0.005263434654706305,-0.013212176387958238
3.054999999999957,-0.006165940993953437,-0.01494663589734771
3.059999999999957,-0.007050069931516412,-0.016626497349417416
3.064999999999957,-0.007913186357104633,-0.018247249006969106
3.0699999999999568,-0.008752717866566503,-0.019804411259683335
3.0749999999999567,-0.009566162423391629,-0.021293573786785615
3.0799999999999566,-0.010351095778584379,-0.022710481558551585
3.0849999999999564,-0.011105178645667523,-0.0240511518894264
3.0899999999999563,-0.011826163636333906,-0.025311996397276895
3.0949999999999562,-0.012511901942501878,-0.026489915094034658
3.099999999999956,-0.013160349736284724,-0.027582332924914892
3.104999999999956,-0.013769574270960818,-0.028587170314611964
3.109999999999956,-0.01433775966616277,-0.02950276131181783
3.114999999999956,-0.014863212355243837,-0.030327740653116206
3.1199999999999557,-0.015344366177486413,-0.031060928106840413
3.1249999999999556,-0.01577978707574362,-0.03170124096739451
3.1299999999999555,-0.016168177369761106,-0.03224765726115967
3.1349999999999554,-0.01650837960294033,-0.03269924109648061
3.1399999999999553,-0.016799379963893114,-0.033055223973312835
3.144999999999955,-0.01704031127938091,-0.03331511514412933
3.149999999999955,-0.017230455569156512,-0.033478805527441674
3.154999999999955,-0.017369246156905188,-0.03354663572261129
3.159999999999955,-0.017456269344638488,-0.033519411441053595
3.1649999999999547,-0.01749126566057092,-0.03339836136667582
3.1699999999999546,-0.017474130671225448,-0.03318504378377783
3.1749999999999545,-0.01740491533252246,-0.03288122376726838
3.1799999999999544,-0.01728382586322249,-0.03248875309427409
3.1849999999999543,-0.017111223145973773,-0.03200948440424431
3.189999999999954,-0.01688762166190714,-0.03144524245955139
3.194999999999954,-0.016613687950517472,-0.030797857011616574
3.199999999999954,-0.01629023859202328,-0.03006924193379907
3.204999999999954,-0.015918237730674457,-0.02926149712947112
3.209999999999954,-0.015498794163865025,-0.028377006167953946
3.2149999999999537,-0.015033158018030013,-0.027418499440192864
3.2199999999999536,-0.014522717025169645,-0.026389061289174433
3.2249999999999535,-0.013968992401972935,-0.025292076274128758
3.2299999999999534,-0.01337363434028292,-0.024131126498380544
3.2349999999999532,-0.012738417124695617,-0.022909867300249655
3.239999999999953,-0.012065233883663998,-0.02163191464461462
3.244999999999953,-0.011356090973560246,-0.020300770909773454
3.249999999999953,-0.010613102001172995,-0.018919804244775792
3.254999999999953,-0.009838481502568417,-0.01749228533278753
3.2599999999999527,-0.009034538308030127,-0.01602147249257998
3.2649999999999526,-0.008203668625765374,-0.014510720944344968
3.2699999999999525,-0.007348348870305783,-0.012963582174279988
3.2749999999999524,-0.006471128259197088,-0.01138386287825435
3.2799999999999523,-0.005574621207930777,-0.009775626415005362
3.284999999999952,-0.004661499555223068,-0.008143136699776087
3.289999999999952,-0.0037344846370286375,-0.006490759840880839
3.294999999999952,-0.0027963392170227675,-0.004822847339041451
3.299999999999952,-0.0018498592854236722,-0.0031436290654824053
3.3049999999999518,-0.0008978657402711893,-0.0014571438563913959
3.3099999999999516,5.680402130964671e-5,0.0002327725869843289
3.3149999999999515,0.001011304570479229,0.0019224376123089916
3.3199999999999514,0.001962790956592591,0.003608225823064222
3.3249999999999513,0.002908427228737737,0.005286458804997376
3.329999999999951,0.003845394925699536,0.006953311395564271
3.334999999999951,0.004770901495011049,0.008604758807203409
3.339999999999951,0.00568218861143247,0.01023657904269312
3.344999999999951,0.006576540377950739,0.011844412244819087
3.349999999999951,0.007451291392614683,0.013423864428850699
3.3549999999999507,0.008303834658777513,0.014970628622560144
3.3599999999999506,0.009131629319187906,0.016480589479879203
3.3649999999999505,0.009932208204225251,0.017949883422443854
3.3699999999999504,0.010703185184890175,0.019374901130833268
3.3749999999999503,0.011442262308288424,0.020752236326128253
3.37999999999995,0.012147236681118303,0.02207859675465964
3.38499999999995,0.012816007069987702,0.023350700491736792
3.38999999999995,0.013446580194216568,0.024565187638669272
3.39499999999995,0.014037076685560495,0.025718576820789825
3.3999999999999497,0.01458573668995226,0.026807282028750542
3.4049999999999496,0.015090925096870347,0.027827687901758776
3.4099999999999495,0.015551136378822189,0.02877626384528097
3.4149999999999494,0.015964999031103395,0.029649683899416343
3.4199999999999493,0.01633127962617768,0.030444923955747168
3.424999999999949,0.016648886477360923,0.031159317586845068
3.429999999999949,0.01691687289662386,0.031790556725930695
3.434999999999949,0.01713444003633236,0.032336636452392056
3.439999999999949,0.017300939302461196,0.032795761417886475
3.4449999999999488,0.01741587432844704,0.033166243814308584
3.4499999999999487,0.017478902493648474,0.03344642517210621
3.4549999999999486,0.01748983596415004,0.03363464568370005
3.4599999999999485,0.017448642243139467,0.033729270438472195
3.4649999999999483,0.017355444238505043,0.0337287676383926
3.4699999999999482,0.017210519861327656,0.03363182154377445
3.474999999999948,0.01701430116201761,0.033437454498221865
3.479999999999948,0.01676737300940783,0.03314512636836554
3.484999999999948,0.016470471328323008,0.03275478293205795
3.489999999999948,0.01612448091135096,0.03226684304160692
3.4949999999999477,0.015730432809116554,0.031682133734964465
3.4999999999999476,0.015289501297537748,0.031001793063129342
3.5049999999999475,0.014803000419485006,0.030227167776301096
3.5099999999999474,0.014272380097641865,0.029359734086507057
3.5149999999999473,0.013699221823405598,0.028401062671397956
3.519999999999947,0.013085233936756067,0.027352840693137502
3.524999999999947,0.01243224651081987,0.026216947969505612
3.529999999999947,0.011742205859530706,0.0249955640295588
3.534999999999947,0.01101716869602281,0.023691273898291065
3.5399999999999467,0.010259295972150683,0.02230714454791797
3.5449999999999466,0.009470846427555099,0.02084675250426654
3.5499999999999465,0.008654169869853581,0.0193141535657232
3.5549999999999464,0.007811700199179958,0.017713799371100798
3.5599999999999463,0.006945948189202279,0.016050421107265428
3.564999999999946,0.006059494040097349,0.014328911175154528
3.569999999999946,0.0051549797177955275,0.012554234065328516
3.574999999999946,0.004235101091975901,0.010731388233103935
3.579999999999946,0.0033025998902139362,0.008865423951965323
3.584999999999946,0.0023602554966407866,0.0069615067885354254
3.5899999999999457,0.00141087662901359,0.005025007063054964
3.5949999999999456,0.0004572929307318669,0.003061588271367449
3.5999999999999455,-0.0004976534862849142,0.0010772646864817934
3.6049999999999454,-0.0014511165225431198,-0.000921595693818122
3.6099999999999453,-0.0024002545649933213,-0.002928329956294598
3.614999999999945,-0.0033422389237608157,-0.004936086219380639
3.619999999999945,-0.0042742622220645985,-0.006937951597509583
3.624999999999945,-0.005193546726128369,-0.008927076014022836
3.629999999999945,-0.006097352599135285,-0.010896766663177699
3.6349999999999447,-0.006982986061961699,-0.012840533948898464
3.6399999999999446,-0.007847807435677092,-0.01475208053358719
3.6449999999999445,-0.008689239039265882,-0.01662524088737912
3.6499999999999444,-0.009504772912981276,-0.01845389656913451
3.6549999999999443,-0.010291978331686744,-0.0202319004750808
3.659999999999944,-0.011048509072739573,-0.021953037681469313
3.664999999999944,-0.011772110411784654,-0.02361103789785899
3.669999999999944,-0.012460625827018665,-0.025199641458963053
3.674999999999944,-0.01311200339514354,-0.026712710093522326
3.6799999999999438,-0.013724301866111201,-0.02814436156029172
3.6849999999999437,-0.01429569641188068,-0.02948909637017256
3.6899999999999435,-0.014824484044026767,-0.03074188604487746
3.6949999999999434,-0.015309088686886662,-0.03189820531843703
3.6999999999999433,-0.015748065890392165,-0.032954007107404946
3.7049999999999432,-0.016140107170426948,-0.033905656142682566
3.709999999999943,-0.016484043950523178,-0.03474984460906806
3.714999999999943,-0.01677885107462773,-0.03548351093564327
3.719999999999943,-0.017023649881578774,-0.0361037880321532
3.724999999999943,-0.017217710826010584,-0.036608005389176655
3.7299999999999427,-0.017360455634557702,-0.036993749327227265
3.7349999999999426,-0.01745145899794915,-0.03725896564666194
3.7399999999999425,-0.01749044980067782,-0.03740207694601562
3.7449999999999424,-0.01747731189683558,-0.037422083847861706
3.7499999999999423,-0.017412084440799547,-0.03731862637513277
3.754999999999942,-0.017294961772397782,-0.03709199204054021
3.759999999999942,-0.017126292853859436,-0.03674306837121745
3.764999999999942,-0.016906580259472597,-0.036273250805472786
3.769999999999942,-0.01663647871476142,-0.035684330482182315
3.7749999999999417,-0.01631679317697094,-0.03497839547778142
3.7799999999999416,-0.01594847645141979,-0.03415777280093569
3.7849999999999415,-0.015532626349113421,-0.033225021925361656
3.7899999999999414,-0.015070482396766538,-0.03218297819633953
3.7949999999999413,-0.014563422111295504,-0.031034833198178728
3.799999999999941,-0.014012956857881979,-0.029784227514792382
3.804999999999941,-0.013420727316213764,-0.02843532763541374
3.809999999999941,-0.012788498575306461,-0.026992861008356076
3.814999999999941,-0.012118154873726965,-0.02546209174023348
3.8199999999999408,-0.011411694002839784,-0.0238487393474072
3.8249999999999407,-0.010671221384661566,-0.02215886077483631
3.8299999999999406,-0.009898943832747108,-0.02039872152341356
3.8349999999999405,-0.009097163005074868,-0.018574682271120073
3.8399999999999403,-0.008268268559374719,-0.016693124986940543
3.8449999999999402,-0.007414731027976446,-0.014760433066562998
3.84999999999994,-0.0065390944350461385,-0.012783024486922888
3.85499999999994,-0.005643968682450607,-0.010767421135131306
3.85999999999994,-0.004732021734944564,-0.00872032698606705
3.86499999999994,-0.0038059716384371335,-0.00664868556483641
3.8699999999999397,-0.0028685784038854113,-0.004559694036266298
3.8749999999999396,-0.0019226357850295006,-0.002460764088722869
3.8799999999999395,-0.000970962973055003,-0.00035943211049892205
3.8849999999999394,-1.6396227361035825e-5,0.0017367663686482955
3.8899999999999393,0.000938219542902161,0.0038204311243276103
3.894999999999939,0.001890039230430227,0.005884410054670412
3.899999999999939,0.002836225993852656,0.007921866127320387
3.904999999999939,0.0037739597187100974,0.00992628941849229
3.909999999999939,0.004700445446328949,0.011891459839111744
3.9149999999999388,0.0056129217318390285,0.013811374013432583
3.9199999999999386,0.0065086689077294944,0.015680160939827714
3.9249999999999385,0.0073850172184785476,0.017492017899658728
3.9299999999999384,0.00823935479038776,0.01924119140505882
3.9349999999999383,0.009069135411083559,0.020922014557010427
3.939999999999938,0.009871886096636744,0.02252899436813017
3.944999999999938,0.010645214431759125,0.024056927116864073
3.949999999999938,0.011386815670136568,0.025501014884466693
3.954999999999938,0.012094479578321257,0.026856957903279174
3.959999999999938,0.012766097008074507,0.028121001965223713
3.9649999999999377,0.01339966618546282,0.02928992936786598
3.9699999999999376,0.013993298699462756,0.030360996399830805
3.9749999999999375,0.014545225163205066,0.031331838339705306
3.9799999999999374,0.015053800517876066,0.032200372452999296
3.9849999999999373,0.015517508958109083,0.0329647258310806
3.989999999999937,0.01593496846274611,0.0336232070891792
3.994999999999937,0.016304934910567576,0.03417433014697759
3.999999999999937,0.016626305765364918,0.03461688394988244
4.004999999999937,0.016898123332056987,0.034950031651188256
4.009999999999937,0.017119577580032498,0.035173412040325674
4.014999999999937,0.017290008527740642,0.03528720796020465
4.0199999999999365,0.017408908198635314,0.03529216020994706
4.024999999999936,0.017475922142753054,0.03518952623278877
4.029999999999936,0.017490850514091834,0.03498099361214888
4.034999999999936,0.017453648698237303,0.034668567463460406
4.039999999999936,0.017364427479308633,0.03425445762025319
4.044999999999936,0.017223452737145744,0.0337409918635633
4.049999999999936,0.01703114466834313,0.03313057650595137
4.054999999999936,0.01678807652685186,0.03242571312795585
4.059999999999936,0.01649497288887779,0.031629062758537024
4.0649999999999356,0.01615270745843144,0.03074353371831963
4.0699999999999354,0.01576230043102778,0.02977236370290358
4.074999999999935,0.015324915428556057,0.028719172151436715
4.079999999999935,0.014841856018268948,0.027587965690576692
4.084999999999935,0.014314561834254664,0.026383088033660337
4.089999999999935,0.013744604313423829,0.025109122565711732
4.094999999999935,0.013133682047283672,0.023770771000699263
4.099999999999935,0.012483615752733105,0.022372737440385475
4.104999999999935,0.011796342869460987,0.020919645321667815
4.109999999999935,0.01107391179411553,0.019416004683950036
4.1149999999999345,0.010318475766548022,0.017866232868767287
4.119999999999934,0.009532286427755228,0.01627471928282309
4.124999999999934,0.008717687074133933,0.014645914052188217
4.129999999999934,0.007877105638874133,0.012984411770953391
4.134999999999934,0.007013047432614987,0.011295001576679838
4.139999999999934,0.006128087670625445,0.009582665915325861
4.144999999999934,0.005224863808578958,0.007852525946001112
4.149999999999934,0.004306067706845074,0.006109745412857081
4.154999999999934,0.0033744376410869224,0.004359415315329903
4.1599999999999335,0.0024327501742436902,0.002606447135921915
4.164999999999933,0.0014838119043816237,0.0008555008453217863
4.169999999999933,0.0005304511056132996,-0.0008890345667510574
4.174999999999933,-0.00042449071454275084,-0.0026230046553806846
4.179999999999933,-0.001378167310908543,-0.004342410355131748
4.184999999999933,-0.0023277362161379773,-0.006043310794785953
4.189999999999933,-0.0032703672441757514,-0.007721736230561149
4.194999999999933,-0.004203250947922352,-0.009373636026251093
4.199999999999933,-0.005123606996650912,-0.010994877254257018
4.204999999999933,-0.00602869245130265,-0.012581297736587163
4.2099999999999325,-0.006915809912896224,-0.014128801481200454
4.214999999999932,-0.007782315521731607,-0.01563346752737938
4.219999999999932,-0.008625626804776567,-0.01709164206562525
4.224999999999932,-0.009443230354707354,-0.018499992521701255
4.229999999999932,-0.010232689317814559,-0.01985551064140552
4.234999999999932,-0.01099165067070684,-0.02115546402962383
4.239999999999932,-0.011717852261229865,-0.022397308567787585
4.244999999999932,-0.012409129588089382,-0.023578584371706283
4.249999999999932,-0.013063422288338815,-0.024696825118848416
4.2549999999999315,-0.013678780298545822,-0.02574950785666159
4.259999999999931,-0.014253369664224174,-0.026734057494835557
4.264999999999931,-0.014785477986115158,-0.02764790358853976
4.269999999999931,-0.015273519495365788,-0.028488573025595206
4.274999999999931,-0.01571603974605134,-0.029253795741019023
4.279999999999931,-0.01611171991577552,-0.02994159675467604
4.284999999999931,-0.016459380714760278,-0.030550347912751064
4.289999999999931,-0.016757985902225683,-0.031078764786966685
4.294999999999931,-0.017006645396114205,-0.03152585123763227
4.2999999999999305,-0.01720461795692964,-0.03189080778321375
4.30499999999993,-0.017351313433876,-0.03217293141401016
4.30999999999993,-0.017446294554782343,-0.03237153512151937
4.31499999999993,-0.017489278241505125,-0.032485904893394306
4.31999999999993,-0.01748013645224586,-0.032515306496746034
4.32499999999993,-0.01741889654499665,-0.032459045350657974
4.32999999999993,-0.017305741162490288,-0.032316563956701655
4.33499999999993,-0.017141007652111205,-0.03208754891059878
4.33999999999993,-0.016925187032457552,-0.031772018051965153
4.34499999999993,-0.016658922517838716,-0.03137036453589232
4.3499999999999295,-0.016343007608476557,-0.030883347550968488
4.354999999999929,-0.015978383747022654,-0.03031203391724589
4.359999999999929,-0.015566137541303905,-0.02965770700269457
4.364999999999929,-0.015107497557994853,-0.028921767618765304
4.369999999999929,-0.014603830689550876,-0.02810565465317355
4.374999999999929,-0.014056638093498898,-0.027210810122251097
4.379999999999929,-0.013467550709786828,-0.026238699360631695
4.384999999999929,-0.012838324376220298,-0.025190878983327197
4.389999999999929,-0.012170834565079296,-0.024069094594139976
4.3949999999999285,-0.011467070761757995,-0.022875383687956843
4.399999999999928,-0.010729130510290279,-0.021612155894333768
4.404999999999928,-0.009959213150413695,-0.020282228372297328
4.409999999999928,-0.009159613269139704,-0.018888806199496316
4.414999999999928,-0.00833271388606832,-0.017435412476181786
4.419999999999928,-0.007480979383915972,-0.015925787977839865
4.424999999999928,-0.006606948195370566,-0.014363788285248336
4.429999999999928,-0.005713225260622042,-0.012753304616245449
4.434999999999928,-0.004802474273045207,-0.01109822753298985
4.439999999999928,-0.003877409733330094,-0.009402462800015953
4.4449999999999275,-0.0029407888360842346,-0.0076699947495812194
4.449999999999927,-0.0019954032190198107,-0.005904977545532532
4.454999999999927,-0.0010440706095947222,-0.004111826136791884
4.459999999999927,-8.962640420135512e-5,-0.002295279605974926
4.464999999999927,0.0008650847895015725,-0.00046041766715681386
4.469999999999927,0.0018172176215337,0.0013873764215784389
4.474999999999927,0.002763934456762346,0.0032424995942201564
4.479999999999927,0.003702413799822989,0.005099240933022119
4.484999999999927,0.004629858671531736,0.006951895194600478
4.4899999999999265,0.005543504922851088,0.008794849887853843
4.494999999999926,0.006440629467305403,0.010622626052820388
4.499999999999926,0.007318558406456676,0.012429866474120458
4.504999999999926,0.008174675026250473,0.014211281328705421
4.509999999999926,0.009006427629482613,0.01596157168814258
4.514999999999926,0.00981133716642143,0.0176753525376
4.519999999999926,0.010587004643371301,0.019347100612821914
4.524999999999926,0.011331118280010082,0.020971150131386947
4.529999999999926,0.012041460388113058,0.022541743957604027
4.5349999999999255,0.012715913955968708,0.024053130846557587
4.539999999999925,0.013352468926054677,0.025499686245667307
4.544999999999925,0.0139492281581018,0.02687602794301174
4.549999999999925,0.014504413068193583,0.02817710195836229
4.554999999999925,0.015016368927275113,0.029398222737916917
4.559999999999925,0.015483569801749916,0.030535062179731523
4.564999999999925,0.015904623123400997,0.03158359468522834
4.569999999999925,0.01627827387178993,0.03254001808717888
4.574999999999925,0.016603408344445354,0.033400679814327504
4.579999999999925,0.01687905749161714,0.034162035385747636
4.5849999999999245,0.017104399804653926,0.03482065361508855
4.589999999999924,0.017278763752912943,0.03537327102993205
4.594999999999924,0.017401629762487922,0.035816886530818166
4.599999999999924,0.017472631734387897,0.036148875284055304
4.604999999999924,0.017491558110053373,0.036367096855302754
4.609999999999924,0.017458352485997766,0.03646997189520536
4.614999999999924,0.017373113776035013,0.03645650442128066
4.619999999999924,0.017236095929362233,0.03632624674430181
4.624999999999924,0.017047707199511503,0.036079224255152816
4.6299999999999235,0.01680850895675721,0.0357158428477752
4.634999999999923,0.016519214042171815,0.03523680369225272
4.639999999999923,0.016180684660361995,0.03464304887059189
4.644999999999923,0.015793929813361276,0.0339357532056318
4.649999999999923,0.015360102283046472,0.0331163655404304
4.654999999999923,0.01488049517071168,0.03218668869492828
4.659999999999923,0.014356538009808902,0.03114897520969338
4.664999999999923,0.013789792476401063,0.030006010313470433
4.669999999999923,0.01318194771901551,0.02876115739532925
4.6749999999999226,0.012534815323263592,0.027418353755389598
4.6799999999999224,0.011850323924291304,0.02598205588808461
4.684999999999922,0.011130513483034473,0.02445714380672666
4.689999999999922,0.01037752923816883,0.02284880679423054
4.694999999999922,0.009593615340663057,0.021162439155913877
4.699999999999922,0.008781108182026272,0.019403570091458648
4.704999999999922,0.007942429430572674,0.017577841434629305
4.709999999999922,0.007080078798402294,0.015691033270155582
4.714999999999922,0.006196626567005469,0.01374912438847407
4.719999999999922,0.005294705896614481,0.011758365728477766
4.7249999999999215,0.004377004950549501,0.009725340968030148
4.729999999999921,0.0034462588673071885,0.007656990103613837
4.734999999999921,0.0025052416090136933,0.005560581239415732
4.739999999999921,0.0015567577104705005,0.003443631548558454
4.744999999999921,0.0006036339475208023,0.001313792907754361
4.749999999999921,-0.0003512890588650045,-0.0008212744315342941
4.754999999999921,-0.0013051652843026173,-0.0029540145236576646
4.759999999999921,-0.0022551517682224964,-0.00507705217438415
4.764999999999921,-0.003198417086983869,-0.007183219771491959
4.7699999999999205,-0.004132149809677694,-0.009265534494077104
4.77499999999992,-0.005053566905825204,-0.011317140225620395
4.77999999999992,-0.005959922070032941,-0.013331239073643596
4.78499999999992,-0.006848513930904184,-0.015301039266621668
4.78999999999992,-0.007716694115597861,-0.01721974047635727
4.79499999999992,-0.008561875142085937,-0.01908056779284667
4.79999999999992,-0.009381538113018537,-0.020876852402803583
4.80499999999992,-0.01017324019767523,-0.02260214611886826
4.80999999999992,-0.01093462188357823,-0.02425034603525667
4.81499999999992,-0.011663413977825901,-0.025815796458009483
4.8199999999999195,-0.012357444356448703,-0.027293345207725445
4.824999999999919,-0.013014644443788866,-0.028678348815115925
4.829999999999919,-0.01363305539599828,-0.029966631433673976
4.834999999999919,-0.014210833967365234,-0.031154412523625434
4.839999999999919,-0.014746258034839824,-0.032238225925280584
4.844999999999919,-0.015237731758400385,-0.03321485468738632
4.849999999999919,-0.015683790354465186,-0.034081303843894246
4.854999999999919,-0.016083104458667622,-0.03483482337891543
4.859999999999919,-0.016434484064183914,-0.035472977537558376
4.8649999999999185,-0.016736882035373102,-0.03599374161441368
4.869999999999918,-0.016989397198046544,-0.03639559991554809
4.874999999999918,-0.017191277001749213,-0.03667762156922483
4.879999999999918,-0.017341919747858234,-0.03683949567010025
4.884999999999918,-0.01744087638480685,-0.03688151379950099
4.889999999999918,-0.017487851869334433,-0.036804503305372216
4.894999999999918,-0.017482706079584454,-0.03660972987732326
4.899999999999918,-0.01742545426493967,-0.03629879484760365
4.904999999999918,-0.017316267026762498,-0.035873555034244234
4.9099999999999175,-0.017155469821195788,-0.03533608459715112
4.914999999999917,-0.01694354197849346,-0.03468868130305543
4.919999999999917,-0.01668111525182157,-0.033933911973754026
4.924999999999917,-0.016368971903669347,-0.0330746854014332
4.929999999999917,-0.01600804234081261,-0.03211432846294257
4.934999999999917,-0.01559940231713346,-0.031056637676759882
4.939999999999917,-0.015144269719276484,-0.029905886390079045
4.944999999999917,-0.0146440009476091,-0.028666780459764882
4.949999999999917,-0.014100086900636653,-0.027344369898302905
4.954999999999917,-0.013514148564353883,-0.02594393566374554
4.9599999999999165,-0.012887932209763248,-0.02447087643229349
4.964999999999916,-0.012223304208716323,-0.022930619254357788
4.969999999999916,-0.011522245479155858,-0.021328572150465942
4.974999999999916,-0.010786845571067965,-0.01967012760947839
4.979999999999916,-0.010019296411051013,-0.017960710117743296
4.984999999999916,-0.009221885735191232,-0.016205845946887613
4.989999999999916,-0.008396990240557385,-0.014411229668603375
4.994999999999916,-0.007547068481631178,-0.012582764476832538
4.999999999999916,-0.006674653538727341,-0.010726559722905133
5.0049999999999155,-0.005782345478974054,-0.00884887918543659
5.009999999999915,-0.004872803631955941,-0.00695604709461356
5.014999999999915,-0.003948738700691554,-0.005054333531626421
5.019999999999915,-0.0030129047151718213,-0.0031498464365416028
5.024999999999915,-0.00206809084295866,-0.001248453703689427
5.029999999999915,-0.0011171130788529726,0.0006442497130597861
5.034999999999915,-0.00016280583831114083,0.002522926840158282
5.039999999999915,0.0007919865166440112,0.00438244379532832
5.044999999999915,0.0017444181891752284,0.00621779233135231
5.049999999999915,0.00269165046312837,0.008024015574194746
5.0549999999999145,0.003630860184437883,0.009796162973157054
5.059999999999914,0.004559248175743929,0.011529290866779588
5.064999999999914,0.0054740475616585635,0.013218510532993649
5.069999999999914,0.006372531987089322,0.014859071948947407
5.074999999999914,0.007252023710449824,0.0164464638122407
5.079999999999914,0.008109901552559499,0.017976506649920933
5.084999999999914,0.008943608687671946,0.0194454151174777
5.089999999999914,0.009750660263359153,0.0208498129423781
5.094999999999914,0.010528650824747934,0.02218669792459152
5.0999999999999135,0.01127526151285749,0.023453368268960103
5.104999999999913,0.011988267012469906,0.02464733397516735
5.109999999999913,0.012665542215250956,0.02576623889889588
5.114999999999913,0.013305068564646949,0.02680780944183642
5.119999999999913,0.013904940071328515,0.027769842840857307
5.124999999999913,0.014463368978479739,0.02865024277263187
5.129999999999913,0.014978691059239818,0.029447093000346043
5.134999999999913,0.01544937054190354,0.03015874659124462
5.139999999999913,0.015874004658459236,0.030783903726483108
5.1449999999999125,0.01625132781273121,0.03132165458304656
5.149999999999912,0.016580215359411652,0.0317714758493419
5.154999999999912,0.016859686975807003,0.032133182490438394
5.159999999999912,0.0170889096091711,0.03240684639346568
5.164999999999912,0.017267199989768636,0.03259270099275116
5.169999999999912,0.017394026696264244,0.0326910558182901
5.174999999999912,0.017469011754558412,0.032702245712414486
5.179999999999912,0.017491931757096863,0.03262662854700171
5.184999999999912,0.0174627185059884,0.032464627660586345
5.189999999999912,0.017381459188288227,0.032216804949096456
5.1949999999999115,0.017248396086424055,0.031883944847756515
5.199999999999911,0.017063925829971686,0.031467125220860086
5.204999999999911,0.016828598201789127,0.03096775534728384
5.209999999999911,0.016543114504383137,0.03038756876252169
5.214999999999911,0.016208325487985013,0.029728567925291535
5.219999999999911,0.015825228845374514,0.02899293530003321
5.224999999999911,0.015394966270251238,0.028182937549356142
5.229999999999911,0.014918820078239031,0.027300847169194745
5.234999999999911,0.0143982093967408,0.026348899509381348
5.2399999999999105,0.013834685931266948,0.025329295444825775
5.24499999999991,0.01322992932180881,0.024244248423820593
5.24999999999991,0.012585742108808544,0.023096062336477187
5.25499999999991,0.011904044329610581,0.02188721769741119
5.25999999999991,0.011186867769530144,0.020620441114125164
5.26499999999991,0.01043634989426049,0.019298737746398453
5.26999999999991,0.009654727485261635,0.01792537743541658
5.27499999999991,0.008844329993410855,0.01650383910248503
5.27999999999991,0.008007572624400184,0.015037727609480394
5.2849999999999095,0.007146949171244661,0.013530683297334832
5.289999999999909,0.006265024606497665,0.01198630864779034
5.294999999999909,0.005364427448262931,0.010408132582422236
5.299999999999909,0.004447841921569321,0.008799621481345433
5.304999999999909,0.003517999936308564,0.007164231664699026
5.309999999999909,0.002577672914228984,0.005505486884873909
5.314999999999909,0.0016296635026594834,0.0038270605609295044
5.319999999999909,0.0006767971992744258,0.002132840590674615
5.324999999999909,-0.000278086080661779,0.0004269567372436328
5.329999999999909,-0.001232140462700992,-0.0012862393080970219
5.3349999999999085,-0.002182522573943361,-0.0030022374743876807
5.339999999999908,-0.0031263999872473596,-0.004716459230219667
5.344999999999908,-0.004060959634185304,-0.006424349131560556
5.349999999999908,-0.004983416170040345,-0.008121445458396152
5.354999999999908,-0.005891020268149867,-0.009803414159199178
5.359999999999908,-0.0067810668187344115,-0.011466039042550585
5.364999999999908,-0.007650903009494394,-0.013105171987002473
5.369999999999908,-0.008497936261770436,-0.014716658190292655
5.374999999999908,-0.009319641988284912,-0.01629626076894774
5.3799999999999075,-0.010113571137140016,-0.017839609707357266
5.384999999999907,-0.010877357496182505,-0.019342191180752453
5.389999999999907,-0.011608724738227771,-0.020799382090545705
5.394999999999907,-0.01230549318657203,-0.02220652387389492
5.399999999999907,-0.012965586282489814,-0.023559019353613077
5.404999999999907,-0.013587036747940803,-0.02485243186657856
5.409999999999907,-0.014167992429007225,-0.02608256343108498
5.414999999999907,-0.014706721803082363,-0.027245489184120484
5.419999999999907,-0.015201619147555048,-0.028337542093742705
5.424999999999907,-0.015651209348957546,-0.029355260644942333
5.4299999999999065,-0.016054152327320756,-0.030295318434264196
5.434999999999906,-0.01640924705804537,-0.031154457183551056
5.439999999999906,-0.01671543517196534,-0.0319294441394717
5.444999999999906,-0.016971804119299397,-0.03261706888023341
5.449999999999906,-0.01717758988590594,-0.03321418574257349
5.454999999999906,-0.017332179250146386,-0.03371779557693328
5.459999999999906,-0.017435111577315813,-0.03412514784871135
5.464999999999906,-0.01748608016086294,-0.034433837491809685
5.469999999999906,-0.01748493311755781,-0.034641873596506334
5.4749999999999055,-0.017431673834440872,-0.03474770749918314
5.479999999999905,-0.01732646096413148,-0.03475021708067879
5.484999999999905,-0.0171696079713289,-0.03464865238875031
5.489999999999905,-0.016961582229837062,-0.03444256028259556
5.494999999999905,-0.01670300366087971,-0.03413171361075104
5.499999999999905,-0.01639464290626419,-0.03371606737172676
5.504999999999905,-0.01603741903891422,-0.033195757089392826
5.509999999999905,-0.015632396814410848,-0.032571141473109036
5.514999999999905,-0.015180783473072964,-0.03184287582703243
5.5199999999999045,-0.014683925112131992,-0.031011998385805394
5.524999999999904,-0.014143302644735834,-0.030080010581106032
5.529999999999904,-0.01356052736511949,-0.029048928988493716
5.534999999999904,-0.012937336141238986,-0.027921292703930126
5.539999999999904,-0.012275586249895594,-0.026700123956875495
5.544999999999904,-0.011577249866361569,-0.025388852855967897
5.549999999999904,-0.010844408218715292,-0.02399122601898165
5.554999999999904,-0.010079245413741549,-0.02251122229822384
5.559999999999904,-0.00928404194456655,-0.020952996498352378
5.564999999999904,-0.008461167896955595,-0.019320863937599037
5.5699999999999035,-0.0076130758737158015,-0.01761932749968582
5.574999999999903,-0.006742293659813663,-0.015853137822288192
5.579999999999903,-0.005851416656328415,-0.014027366097495818
5.584999999999903,-0.004943100116541023,-0.012147463826869553
5.589999999999903,-0.00402005121469966,-0.01021928925517572
5.594999999999903,-0.003085020974963721,-0.008249089507887055
5.599999999999903,-0.0021407960869065574,-0.006243438023552144
5.604999999999903,-0.0011901906241035274,-0.0042091373853303865
5.609999999999903,-0.00023603768670366686,-0.002153107419110055
5.6149999999999025,0.0007188190100762852,-8.228535884418541e-5
5.619999999999902,0.0016715335931017875,0.001996439918518074
5.624999999999902,0.0026192665133292843,0.00407624989666039
5.629999999999902,0.0035591930238761667,0.006150376802052397
5.634999999999902,0.0044885116254125106,0.008212055316171502
5.639999999999902,0.00540445244662347,0.010254464857865566
5.644999999999902,0.0063042855285236205,0.012270683977687345
5.649999999999902,0.007185328980715239,0.014253677871189818
5.654999999999902,0.008044956976881332,0.01619633177601159
5.6599999999999016,0.008880607563230504,0.018091528742114074
5.6649999999999014,0.00968979026433509,0.019932256757459597
5.669999999999901,0.010470093474607315,0.021711722428999148
5.674999999999901,0.01121919161985975,0.023423448954893584
5.679999999999901,0.011934852070703559,0.025061340552673554
5.684999999999901,0.012614941794357837,0.026619701812609652
5.689999999999901,0.013257433729319696,0.028093212455471025
5.694999999999901,0.013860412857134576,0.02947687178187239
5.699999999999901,0.014422081941585597,0.030765935158385344
5.704999999999901,0.014940766914580964,0.03195586841039619
5.7099999999999005,0.015414921882279246,0.03304233867260656
5.7149999999999,0.015843133725135575,0.03402124369683866
5.7199999999999,0.01622412629103068,0.034888776060194804
5.7249999999999,0.016556764171946892,0.035641514348203826
5.7299999999999,0.016840056055387558,0.03627652090859232
5.7349999999999,0.01707315765247883,0.036791420998129515
5.7399999999999,0.017255374201323587,0.03718444320600097
5.7449999999999,0.017386162543623296,0.037454411686442396
5.7499999999999,0.017465132767030885,0.037600695539441856
5.7549999999998995,0.017492049397789807,0.03762313218050827
5.759999999999899,0.017466832130013366,0.03752194640324255
5.764999999999899,0.01738955608655626,0.03729768608306551
5.769999999999899,0.017260451607428624,0.03695119130762766
5.774999999999899,0.017079903559282697,0.036483607539804105
5.779999999999899,0.016848450165034022,0.03589643924622267
5.784999999999899,0.016566781367512707,0.03519162480817063
5.789999999999899,0.016235736744573934,0.0343716094795454
5.794999999999899,0.015856302985922333,0.03343939550607508
5.799999999999899,0.015429610942779276,0.03239855261708978
5.8049999999998985,0.01495693226488081,0.03125318295845443
5.809999999999898,0.01443967563168939,0.030007845562203518
5.814999999999898,0.013879382581047523,0.028667453374613024
5.819999999999898,0.013277722944269635,0.027237166820850284
5.824999999999898,0.012636489891876717,0.025722310705685453
5.829999999999898,0.011957594596911845,0.024128330502747094
5.834999999999898,0.011243060531459011,0.02246079158812123
5.839999999999898,0.010495017415203665,0.020725414972432854
5.844999999999898,0.009715694839856416,0.018928133940995122
5.8499999999998975,0.00890741559683713,0.017075149559404503
5.854999999999897,0.008072588734021457,0.01517296221695031
5.859999999999897,0.007213702366585804,0.013228362718944222
5.864999999999897,0.006333316267816127,0.011248377828180396
5.869999999999897,0.005434054261138166,0.00924017828177177
5.874999999999897,0.004518596428668595,0.007210968268713895
5.879999999999897,0.003589671150545588,0.005167878659221775
5.884999999999897,0.002650046992849795,0.0031178841256635508
5.889999999999897,0.0017025244627452214,0.0010677598194069283
5.8949999999998965,0.0007499276531614503,-0.000975916607692505
5.899999999999896,-0.00020490419358614275,-0.003006724868685183
5.904999999999896,-0.001159125177248648,-0.005018343613163923
5.909999999999896,-0.002109891250859689,-0.007004497873252498
5.914999999999896,-0.0030543687117766142,-0.00895892975603327
5.919999999999896,-0.003989742650716848,-0.01087540478491942
5.924999999999896,-0.004913225333204698,-0.01274776023844756
5.929999999999896,-0.005822064487658318,-0.014569989193085034
5.934999999999896,-0.006713551481302088,-0.01633634289483802
5.939999999999896,-0.0075850293669381666,-0.018041426863830326
5.9449999999998955,-0.00843390078601638,-0.019680266460472638
5.949999999999895,-0.00925763570929788,-0.021248328675236218
5.954999999999895,-0.010053778989065414,-0.022741500251364906
5.959999999999895,-0.01081995769545249,-0.024156032127877543
5.964999999999895,-0.011553888212570494,-0.0254884665994374
5.969999999999895,-0.012253383069243132,-0.02673556766627564
5.974999999999895,-0.012916357475639611,-0.027894277343547443
5.979999999999895,-0.013540835537508369,-0.028961713987161894
5.984999999999895,-0.01412495613121775,-0.02993521327544258
5.9899999999998945,-0.014666978430344787,-0.03081239986324206
5.994999999999894,-0.015165287070541678,-0.03159127067765711
5.999999999999894,-0.015618396940453387,-0.03227026777378317
6.004999999999894,-0.016024957595820177,-0.032848323556520835
6.009999999999894,-0.016383757283665618,-0.0333248658733644
6.014999999999894,-0.016693726559951164,-0.033699774222685205
6.019999999999894,-0.016953941497710897,-0.0339732967263524
6.024999999999894,-0.017163626467499457,-0.034145954234910875
6.029999999999894,-0.017322156470632285,-0.034218456787203935
6.034999999999894,-0.017429059015005174,-0.03419165080899313
6.0399999999998935,-0.017484015524865858,-0.03406650697512044
6.044999999999893,-0.017486862281835328,-0.03384414817353656
6.049999999999893,-0.01743759089667722,-0.03352590844162958
6.054999999999893,-0.017336348310241903,-0.03311340548032468
6.059999999999893,-0.017183436329182747,-0.03260860310381655
6.064999999999893,-0.01697931071053968,-0.03201384102458167
6.069999999999893,-0.01672457980365523,-0.03133181977405323
6.074999999999893,-0.016420002748849243,-0.030565544571988797
6.079999999999893,-0.016066487231806637,-0.029718241246086494
6.0849999999998925,-0.015665086800263534,-0.02879326057116735
6.089999999999892,-0.01521699774794663,-0.02779399273847324
6.094999999999892,-0.01472355556453708,-0.02672381347441165
6.099999999999892,-0.014186230956393587,-0.025586073633488766
6.104999999999892,-0.013606625451819815,-0.024384132034795142
6.109999999999892,-0.012986466607009674,-0.02312141832648871
6.114999999999892,-0.012327602832861426,-0.02180150316851504
6.119999999999892,-0.011631997865529906,-0.020428154250072002
6.124999999999892,-0.01090172490042242,-0.019005362184339167
6.1299999999998915,-0.010138960411428604,-0.01753732531568255
6.134999999999891,-0.009345977676501175,-0.01602839245616013
6.139999999999891,-0.008525140024493338,-0.014482976529170724
6.144999999999891,-0.007678893816206911,-0.012905461391473088
6.149999999999891,-0.0068097611742705955,-0.011300124933426539
6.154999999999891,-0.005920332477830399,-0.009671096198485545
6.159999999999891,-0.005013258641081035,-0.008022355350738565
6.164999999999891,-0.004091243199521465,-0.00635777445857217
6.169999999999891,-0.0031570342308107208,-0.004681186764994621
6.174999999999891,-0.002213416139353605,-0.002996464536466881
6.1799999999998905,-0.0012632013365742399,-0.001307581578439796
6.18499999999989,-0.0003092218487921256,0.00038135951972655574
6.18999999999989,0.0006456791214751329,0.0020661435348455237
6.19499999999989,0.0015986556566349942,0.0037424980885410707
6.19999999999989,0.0025468675826462064,0.005406174459454576
6.20499999999989,0.003487488911070142,0.00705303483576162
6.20999999999989,0.004417716243166072,0.008679124571537375
6.21499999999989,0.0053347771098167015,0.010280707093940267
6.21999999999989,0.006235938235972664,0.011854251367958632
6.2249999999998895,0.007118513703447253,0.013396378997010759
6.229999999999889,0.00797987297887888,0.014903787665071257
6.234999999999889,0.008817448777986736,0.016373172588125182
6.239999999999889,0.009628744736618195,0.01780116675980158
6.244999999999889,0.010411342862797535,0.019184315327619463
6.249999999999889,0.01116291074424347,0.020519093044233872
6.254999999999889,0.011881208486009888,0.021801963016755015
6.259999999999889,0.012564095359889157,0.023029461885445385
6.264999999999889,0.013209536156885384,0.02419828767911244
6.2699999999998886,0.013815607233980964,0.025305366336069796
6.2749999999998884,0.014380502239386663,0.02634788196315299
6.279999999999888,0.01490253749743669,0.02732326586401471
6.284999999999888,0.015380157039530173,0.02822914736179569
6.289999999999888,0.015811937266576766,0.02906328013893089
6.294999999999888,0.01619659121989483,0.029823466614186563
6.299999999999888,0.0165329724364572,0.030507503625459224
6.304999999999888,0.016820078376153368,0.031113168212808743
6.309999999999888,0.01705705340622311,0.031638249188971755
6.314999999999888,0.017243191329775087,0.03208061255900477
6.3199999999998875,0.017377937465659892,0.03243828466069325
6.324999999999887,0.017460890277685635,0.0327095370636849
6.329999999999887,0.01749180255122505,0.03289295255461822
6.334999999999887,0.01747058212219518,0.03298745419101054
6.339999999999887,0.017397292158432564,0.032992290312742006
6.344999999999887,0.01727215099224902,0.03290698127000475
6.349999999999887,0.017095531499169654,0.03273124574557894
6.354999999999887,0.01686796001294203,0.03246493008737603
6.359999999999887,0.0165901147715002,0.032107961402883994
6.3649999999998865,0.016262823898952904,0.03166033771473286
6.369999999999886,0.015887062930392496,0.03112215952137142
6.374999999999886,0.015463951885245956,0.030493698501320343
6.379999999999886,0.014994751900136927,0.029775487111646525
6.384999999999886,0.01448086144305037,0.028968403580286975
6.389999999999886,0.013923812130087572,0.028073730210833106
6.394999999999886,0.013325264158351257,0.027093172056998845
6.399999999999886,0.012687001368144494,0.02602883217410752
6.404999999999886,0.01201092594745355,0.024883151428582332
6.409999999999886,0.01129905278894859,0.023658829414538854
6.4149999999998855,0.010553503509509447,0.022358746508902325
6.419999999999885,0.009776500143302842,0.020985909428232516
6.424999999999885,0.008970358521442377,0.01954343699948486
6.429999999999885,0.008137481357774649,0.01803458841884792
6.434999999999885,0.007280351066118434,0.0164628235276006
6.439999999999885,0.006401522336050999,0.014831877714558227
6.444999999999885,0.005503614495634421,0.013145830619712216
6.449999999999885,0.0045893036900137955,0.01140914790353037
6.454999999999885,0.0036613149034579098,0.009626681610268691
6.4599999999998845,0.002722413849590842,0.007803626253241384
6.464999999999884,0.0017753987508388393,0.005945439971142244
6.469999999999884,0.0008230920248725358,0.004057749661142926
6.474999999999884,-0.00013166810482683513,0.002146262973728467
6.479999999999884,-0.0010860360547735066,0.00021670634523906845
6.484999999999884,-0.0020371673614290016,-0.0017251992310174486
6.489999999999884,-0.0029822271718407704,-0.003673721987636862
6.494999999999884,-0.003918398716003565,-0.005623071452576625
6.499999999999884,-0.004842891726893649,-0.0075673372449817635
6.5049999999998835,-0.005752950781095224,-0.009500438684917858
6.509999999999883,-0.006645863525284067,-0.011416105543171169
6.514999999999883,-0.007518968753937745,-0.013307897271348951
6.519999999999883,-0.008369664325558536,-0.015169260236302216
6.524999999999883,-0.009195414896727486,-0.016993616327175984
6.529999999999883,-0.00999375945290783,-0.018774466225996413
6.534999999999883,-0.010762318621966865,-0.02050548531250629
6.539999999999883,-0.01149880175434685,-0.022180591098160517
6.544999999999883,-0.012201013754339178,-0.02379396871536233
6.549999999999883,-0.012866861641773605,-0.025340055326730157
6.5549999999998825,-0.01349436081562067,-0.02681349644596573
6.559999999999882,-0.014081640991423101,-0.02820909280537766
6.564999999999882,-0.01462695179273474,-0.02952175723952048
6.569999999999882,-0.015128667978066782,-0.030746498603095706
6.574999999999882,-0.015585294282056746,-0.03187844537771058
6.579999999999882,-0.015995469853052696,-0.03291291044392998
6.584999999999882,-0.01635797228194662,-0.03384548344667815
6.589999999999882,-0.016671721221906723,-0.03467212996039106
6.594999999999882,-0.016935781591607954,-0.035389276679255836
6.5999999999998815,-0.017149366353593473,-0.035993865091582734
6.604999999999881,-0.017311838867426363,-0.036483366171312454
6.609999999999881,-0.017422714806325713,-0.03685575667073761
6.614999999999881,-0.017481663620809718,-0.03710946156598596
6.619999999999881,-0.01748850954744968,-0.037243281601218065
6.624999999999881,-0.017443232151134344,-0.03725633395061239
6.629999999999881,-0.017345966391761756,-0.03714802509292971
6.634999999999881,-0.017197002216362486,-0.03691806314234857
6.639999999999881,-0.016996783678571062,-0.03656650643210741
6.644999999999881,-0.01674590759333321,-0.03609383519157848
6.6499999999998805,-0.016445121737560412,-0.03550102802548379
6.65499999999988,-0.016095322605141266,-0.03478962360366032
6.65999999999988,-0.01569755272629737,-0.0339617500402217
6.66499999999988,-0.015252997564784961,-0.033020111308990005
6.66999999999988,-0.014762982002369706,-0.031967932132139165
6.67499999999988,-0.014228966413615462,-0.030808876914748193
6.67999999999988,-0.013652542333753202,-0.029546963285159003
6.68499999999988,-0.013035427730237319,-0.028186488176421762
6.68999999999988,-0.012379461889677985,-0.026731982532545363
6.6949999999998795,-0.011686599930379023,-0.025188204166360157
6.699999999999879,-0.0109589069582047,-0.023560166095968667
6.704999999999879,-0.010198551888693234,-0.021853187656898383
6.709999999999879,-0.009407800960429933,-0.020072948545200933
6.714999999999879,-0.008589010965409476,-0.018225523609703316
6.719999999999879,-0.007744622219780239,-0.016317383153565464
6.724999999999879,-0.006877151297291792,-0.01435535389158845
6.729999999999879,-0.005989183545847541,-0.012346543882325742
6.734999999999879,-0.005083365405384414,-0.010298243119653584
6.7399999999998785,-0.004162396543400665,-0.008217819487772357
6.744999999999878,-0.003229021824463833,-0.006112631866797341
6.749999999999878,-0.002286023133170635,-0.003989976373595008
6.754999999999878,-0.0013362110743575632,-0.0018570717638886226
6.759999999999878,-0.00038241657826324394,0.00027892051890157497
6.764999999999878,0.0005725175598745161,0.0024108553853845792
6.769999999999878,0.001525745175181515,0.004531561048426755
6.774999999999878,0.0024744252316310777,0.006633812951981697
6.779999999999878,0.0034157302930488045,0.008710340365836754
6.784999999999878,0.004346854940340422,0.010753872514296709
6.7899999999998775,0.005265024114095081,0.012757218866303106
6.794999999999877,0.006167501362589452,0.014713368510900056
6.799999999999877,0.007051596974544492,0.016615588343669493
6.804999999999877,0.007914675983409447,0.018457502283785215
6.809999999999877,0.008754166018999872,0.02023313786813189
6.814999999999877,0.009567564977660677,0.02193692941716878
6.819999999999877,0.01035244849737777,0.023563681618369293
6.824999999999877,0.011106477209176064,0.02510851254652457
6.829999999999877,0.011827403731751047,0.026566797933111945
6.8349999999998765,0.012513079383850241,0.02793413629872296
6.839999999999876,0.01316146059091032,0.029206347276516186
6.844999999999876,0.013770614968819341,0.030379505197217695
6.849999999999876,0.0143387270690425,0.03145000277237629
6.854999999999876,0.014864103767120279,0.032414632393994815
6.859999999999876,0.015345179282562607,0.03327066554861473
6.864999999999876,0.015780519827552013,0.03401590888113194
6.869999999999876,0.01616882787833752,0.03464872146979804
6.874999999999876,0.01650894605310155,0.0351679917136154
6.8799999999998755,0.01679986057755884,0.03557308282059107
6.884999999999875,0.017040704327107598,0.035863759940657935
6.889999999999875,0.01723075943526988,0.03604011719141504
6.894999999999875,0.0173694594508664,0.03610252450563917
6.899999999999875,0.01745639102917366,0.036051607721675
6.904999999999875,0.017491295155821006,0.03588826763379818
6.909999999999875,0.01747406790000956,0.0356137307419132
6.914999999999875,0.017404760695560028,0.03522960945986413
6.919999999999875,0.01728358016459563,0.03473795173307728
6.924999999999875,0.017110887487981376,0.034141267865333336
6.9299999999998745,0.016887197325140997,0.033442523762731824
6.934999999999874,0.016613176290392856,0.032645096144239216
6.939999999999874,0.016289640987499666,0.03175269637646834
6.944999999999874,0.015917555603675734,0.030769278635479153
6.949999999999874,0.015498029062656469,0.029698953526913513
6.954999999999874,0.015032311734485278,0.028545926818226656
6.959999999999874,0.014521791707028942,0.027314474451315025
6.964999999999874,0.013967990634936249,0.026008953741707617
6.969999999999874,0.013372559183415348,0.02463384176693108
6.9749999999998735,0.012737272082667637,0.023193787459217033
6.979999999999873,0.01206402281215509,0.021693658405222638
6.984999999999873,0.011354817941607379,0.02013856149958599
6.989999999999873,0.010611771151653038,0.018533825908205216
6.994999999999873,0.009837096948850295,0.01688494911819602
6.999999999999873,0.009033104089565246,0.01519751625713086
7.004999999999873,0.00820218872442519,0.013477109007420968
7.009999999999873,0.007346827279099092,0.011729222810903547
7.014999999999873,0.006469569089853574,0.009959210604884295
7.019999999999873,0.005573028806585898,0.008172264937378639
7.0249999999998725,0.004659878584753669,0.006373438922590291
7.029999999999872,0.003732840095966735,0.0045676948886007925
7.034999999999872,0.002794676389025306,0.0027599617390572026
7.039999999999872,0.0018481836328731625,0.0009551819587759892
7.044999999999872,0.0008961827697428566,-0.0008416664163950344
7.049999999999872,-5.8488893738511895e-5,-0.0026255824417360497
7.054999999999872,-0.0010129861297509108,-0.004391590634594719
7.059999999999872,-0.001964464243395175,-0.00613481534514337
7.064999999999872,-0.002910087521491974,-0.007850562678174404
7.0699999999998715,-0.003847037661372803,-0.009534388609750411
7.074999999999871,-0.004772522159718261,-0.011182137149537946
7.079999999999871,-0.0056837826363831,-0.012789941658119659
7.084999999999871,-0.0065781030684723615,-0.014354190850582
7.089999999999871,-0.0074528179099668385,-0.01587146927140698
7.094999999999871,-0.00830532006562662,-0.01733848943407447
7.099999999999871,-0.009133068683958093,-0.018752035573342377
7.104999999999871,-0.009933596744224808,-0.020108937726585136
7.109999999999871,-0.010704518407459802,-0.021406084631242366
7.1149999999998705,-0.011443536104401452,-0.022640467159830757
7.11999999999987,-0.012148447357240667,-0.02380923940778932
7.12499999999987,-0.012817151318942439,-0.02490978494665417
7.12999999999987,-0.013447655011854584,-0.02593977114509949
7.13499999999987,-0.014038079255794618,-0.026897175185243836
7.13999999999987,-0.014586664272129016,-0.027780272566040324
7.14499999999987,-0.015091774949004093,-0.028587589557028836
7.14999999999987,-0.015551905746414213,-0.02931783367608957
7.15499999999987,-0.0159656852125592,-0.029969822661767592
7.15999999999987,-0.0163318800881215,-0.030542430540698245
7.1649999999998695,-0.01664939898774081,-0.031034563228238915
7.169999999999869,-0.016917295649088976,-0.03144516899757511
7.174999999999869,-0.017134771736060546,-0.03177328317626842
7.179999999999869,-0.017301179187534935,-0.03201809599199448
7.184999999999869,-0.0174160221174193,-0.03217902179773823
7.189999999999869,-0.017478958273849616,-0.03225574920412186
7.194999999999869,-0.017489800054693708,-0.032248259900469714
7.199999999999869,-0.01744851507356534,-0.03215681150661323
7.204999999999869,-0.01735522627711195,-0.03198189021857294
7.2099999999998685,-0.01721021160634751,-0.03172414569037308
7.214999999999868,-0.017013903192247125,-0.03138432162777982
7.219999999999868,-0.016766886088030626,-0.030963201672274614
7.224999999999868,-0.016469896532772994,-0.03046158963404484
7.229999999999868,-0.016123819747447928,-0.02988032894151026
7.234999999999868,-0.01572968727629552,-0.02922035342683193
7.239999999999868,-0.01528867388655758,-0.028482755129750095
7.244999999999868,-0.014802094042841673,-0.02766885124859924
7.249999999999868,-0.014271397973576714,-0.026780232653170137
7.2549999999998676,-0.013698167343568131,-0.025818780778599247
7.2599999999998674,-0.013084110546089878,-0.024786647877538353
7.264999999999867,-0.0124310576297874,-0.023686205838607727
7.269999999999867,-0.011740954871418591,-0.02251997819817324
7.274999999999867,-0.011015859000589196,-0.02129057587111826
7.279999999999867,-0.010257931084938093,-0.020000654158730494
7.284999999999867,-0.009469430093131647,-0.018652900714389287
7.289999999999867,-0.008652706154391678,-0.01725005814778328
7.294999999999867,-0.0078101935347420345,-0.015794976599781737
7.299999999999867,-0.006944403357106168,-0.014290681625815965
7.3049999999998665,-0.006057916091646365,-0.012740437182106951
7.309999999999866,-0.005153373847893128,-0.011147785123526502
7.314999999999866,-0.00423347249952619,-0.009516550992882445
7.319999999999866,-0.0033009536598524168,-0.007850815016394154
7.324999999999866,-0.0023585965294286317,-0.0061548548190848654
7.329999999999866,-0.0014092096376585902,-0.004433073127063469
7.334999999999866,-0.0004556224961821822,-0.0026899281285280682
7.339999999999866,0.0004993228179934033,-0.0009298851571487854
7.344999999999866,0.0014527801307169432,0.0008425973045932455
7.3499999999998655,0.0024019076661546744,0.002623046376399136
7.354999999999865,0.0033438765383437597,0.004406928048056577
7.359999999999865,0.004275879205871157,0.00618959028224743
7.364999999999865,0.005195137860522801,0.00796621321782383
7.369999999999865,0.006098912721475051,0.009731782405322563
7.374999999999865,0.006984510204212026,0.011481096628240477
7.379999999999865,0.00784929093611303,0.013208813039091306
7.384999999999865,0.008690677600042643,0.014909520424773993
7.389999999999865,0.00950616259159713,0.01657782337463145
7.394999999999865,0.01029331547221641,0.018208418668602903
7.3999999999998645,0.011049790198664469,0.019796147961765986
7.404999999999864,0.01177333211643025,0.02133601901959061
7.409999999999864,0.012461784692379026,0.022823194772745855
7.414999999999864,0.01311309595713751,0.024252953156351544
7.419999999999864,0.01372532464478228,0.02562063314098759
7.424999999999864,0.014296646002021806,0.02692159110466301
7.429999999999864,0.01482535723876087,0.028151185306207395
7.434999999999864,0.015309882603801927,0.029304796378055633
7.439999999999864,0.015748778070212435,0.030377881996565034
7.4449999999998635,0.016140735620831057,0.031366055019481316
7.449999999999863,0.016484587127198722,0.03226517011622939
7.454999999999863,0.016779307812088324,0.03307140176912858
7.459999999999863,0.017024019287989432,0.033781296979661965
7.464999999999863,0.017217992171175624,0.03439179176259847
7.469999999999863,0.017360648267658468,0.03490019122590697
7.474999999999863,0.017451562317399066,0.03530412584878683
7.479999999999863,0.0174904632817171,0.03560150170286895
7.484999999999863,0.017477235168743624,0.03579046009670251
7.4899999999998625,0.01741191739316803,0.03586936116000202
7.494999999999862,0.017294704661477873,0.035836801351778406
7.499999999999862,0.017125946380538264,0.035691663775314006
7.504999999999862,0.016906145598734136,0.035433191922601415
7.509999999999862,0.01663595748509962,0.035061069364646105
7.514999999999862,0.016316187353339964,0.03457548137498895
7.519999999999862,0.015947788249213675,0.03397714380047991
7.524999999999862,0.015531858110015423,0.03326729697242509
7.529999999999862,0.015069636502478882,0.03244766696501971
7.534999999999862,0.014562500948317765,0.031520403117650475
7.5399999999998615,0.0140119628423681,0.03048800838834869
7.544999999999861,0.0134196629694845,0.029353281220787595
7.549999999999861,0.012787366628699896,0.02811928436555737
7.554999999999861,0.012116958372995243,0.0267893481103238
7.559999999999861,0.011410436378624992,0.025367104897174392
7.564999999999861,0.010669906467477352,0.023856542669653757
7.569999999999861,0.009897575807765768,0.02226205919505634
7.574999999999861,0.009095746315919032,0.020588500932647778
7.579999999999861,0.008266807782620627,0.018841172287293005
7.5849999999998605,0.007413230749548897,0.017025806307127217
7.58999999999986,0.006537559159014573,0.015148500062698191
7.59499999999986,0.005642402793413061,0.013215628450753287
7.59999999999986,0.00473042952206681,0.011233754630305778
7.60499999999986,0.003804357368694498,0.009209554711703389
7.60999999999986,0.002866946420370076,0.007149770075933807
7.61499999999986,0.0019209906039320784,0.005061194974616668
7.61999999999986,0.0009693093474542573,0.0029506969655594276
7.62499999999986,1.4739154871769538e-5,0.0008252568395970153
7.62999999999986,-0.0009398748725134098,-0.0013079912931119229
7.6349999999998595,-0.0018916875357460259,-0.0034417393372331386
7.639999999999859,-0.002837862028169922,-0.005568516663735402
7.644999999999859,-0.003775578389524863,-0.007680736751355837
7.649999999999859,-0.004702041900421146,-0.009770774698914986
7.654999999999859,-0.005614491392697794,-0.011831064022691042
7.659999999999859,-0.006510207453676848,-0.013854194785539547
7.664999999999859,-0.0073865205090834045,-0.015832993315777328
7.669999999999859,-0.008240818769520673,-0.01776056844717341
7.674999999999859,-0.009070556017755535,-0.019630320255121708
7.6799999999998585,-0.0098732592093335,-0.021435918214441844
7.684999999999858,-0.010646535862160422,-0.023171261862994008
7.689999999999858,-0.011388081210924397,-0.024830440961559588
7.694999999999858,-0.012095685097288351,-0.026407713172962848
7.699999999999858,-0.012767238566889313,-0.02789751244165786
7.704999999999858,-0.013400740155219523,-0.029294494734477303
7.709999999999858,-0.013994301840433182,-0.03059361536686083
7.714999999999858,-0.014546154643228388,-0.031790216538265165
7.719999999999858,-0.015054653874867334,-0.03288010534102925
7.7249999999998575,-0.015518284022038495,-0.03385961044708066
7.729999999999857,-0.0159356632541248,-0.034725607028460274
7.734999999999857,-0.016305547544541013,-0.0354755052010697
7.739999999999857,-0.016626834393150557,-0.03610720658088066
7.744999999999857,-0.016898566137123733,-0.0366190420576949
7.749999999999857,-0.01711993283389679,-0.03700971114585853
7.754999999999857,-0.017290274694642716,-0.03727824291001229
7.759999999999857,-0.017409084054340166,-0.03742399000973812
7.764999999999857,-0.017476006877187734,-0.0374466561513297
7.769999999999857,-0.017490843797011848,-0.03734634843919513
7.7749999999998565,-0.017453550689406513,-0.037123642604258225
7.779999999999856,-0.01736423877621404,-0.03677964368038529
7.784999999999856,-0.017223174273406066,-0.03631602116581868
7.789999999999856,-0.01703077759291677,-0.035735006257575704
7.794999999999856,-0.016787622098549015,-0.03503935090073945
7.799999999999856,-0.016494432414416445,-0.03423225685785268
7.804999999999856,-0.01615208228935802,-0.033317291718108405
7.809999999999856,-0.01576159201629053,-0.03229831070674775
7.814999999999856,-0.01532412540548715,-0.031179397314192114
7.8199999999998555,-0.014840986321301102,-0.02996483457023455
7.824999999999855,-0.014313614789196717,-0.028659113358579798
7.829999999999855,-0.013743582685029532,-0.027266969258423188
7.834999999999855,-0.013132589026951982,-0.02579342959857211
7.839999999999855,-0.012482454890011603,-0.024243851386997327
7.844999999999855,-0.0117951179648283,-0.02262393390658626
7.849999999999855,-0.01107262678081274,-0.020939696325634815
7.854999999999855,-0.010317134609201657,-0.019197419529293047
7.859999999999855,-0.009530893061044304,-0.0174035607696409
7.8649999999998546,-0.008716245397733248,-0.015564657049837394
7.8699999999998544,-0.007875619568657219,-0.01368723686832921
7.874999999999854,-0.0070115209885908145,-0.011777759002599373
7.879999999999854,-0.00612652507141819,-0.009842587859498113
7.884999999999854,-0.005223269544603643,-0.00788800329072613
7.889999999999854,-0.0043044465701461854,-0.005920235690526951
7.894999999999854,-0.0033727946991826516,-0.003945511396243057
7.899999999999854,-0.0024310906916307057,-0.0019700896804395584
7.904999999999854,-0.001482141226393351,-2.7325534072584687e-7
7.909999999999854,-0.0005287745330513004,0.0019576179734305536
7.9149999999998535,0.00042616802314276016,0.00389730576999332
7.919999999999853,0.0013798403891650472,0.005812632932287184
7.924999999999853,0.0023294002863032195,0.0076976486054420555
7.929999999999853,0.003272017663504064,0.009546682599696404
7.934999999999853,0.004204883121593909,0.011354393650589026
7.939999999999853,0.005125216286167367,0.013115781438192852
7.944999999999853,0.006030274106508133,0.014826160793257274
7.949999999999853,0.006917359053508759,0.016481109467680406
7.954999999999853,0.0077838271827926605,0.018076409184331184
7.9599999999998525,0.008627096030283722,0.0196079994344492
7.964999999999852,0.009444652315445484,0.02107195770231668
7.969999999999852,0.01023405943041963,0.02246451203884531
7.974999999999852,0.01099296469100829,0.023782085793170912
7.979999999999852,0.011719106327115337,0.02502136595821012
7.984999999999852,0.012410320199902368,0.026179376566315384
7.989999999999852,0.013064546235674752,0.027253536365802827
7.994999999999852,0.01367983455995705,0.028241685783127253
7.999999999999852,0.014254351312149492,0.02914207664365423
8.004999999999852,0.014786384127017658,0.02995332996003186
8.009999999999852,0.015274347259144887,0.03067437331084428
8.014999999999853,0.01571678632385154,0.03130436811295867
8.019999999999854,0.016112382646843584,0.031842644646955895
8.024999999999855,0.01645995720296948,0.0322886664012055
8.029999999999855,0.016758474125131574,0.032642032891308945
8.034999999999856,0.01700704377697438,0.03290251632343528
8.039999999999857,0.017204925384983347,0.03307011811829712
8.044999999999858,0.017351529229662932,0.033145126729891575
8.049999999999859,0.017446418393870733,0.03312816032435725
8.05499999999986,0.017489310060845427,0.033020182134919376
8.05999999999986,0.017480076357621454,0.03282248129020517
8.064999999999861,0.017418744746871745,0.03253661979686882
8.069999999999862,0.017305497965204773,0.032164357160942035
8.074999999999863,0.017140673497875434,0.03170757388036561
8.079999999999863,0.01692476258235707,0.03116821343944995
8.084999999999864,0.01665840874562336,0.030548253021596063
8.089999999999865,0.016342405882803376,0.029849707601297727
8.094999999999866,0.015977695879961624,0.029074665778266708
8.099999999999866,0.015565365788866987,0.02822534583726323
8.104999999999867,0.015106644569960477,0.02730415480258052
8.109999999999868,0.014602899417354959,0.02631373121314213
8.114999999999869,0.0140556316794367,0.025256955414251665
8.11999999999987,0.013466472390971092,0.024136923784963835
8.12499999999987,0.01283717742574429,0.02295689475229342
8.129999999999871,0.012169622280088884,0.02172021842392206
8.134999999999872,0.011465796500607313,0.020430264851942388
8.139999999999873,0.010727797767072987,0.019090368784636567
8.144999999999873,0.009957825643933878,0.017703805773260285
8.149999999999874,0.009158175018970056,0.01627380507409312
8.154999999999875,0.008331229249616021,0.014803593465168172
8.159999999999876,0.007479453040432075,0.01329645579922263
8.164999999999877,0.006605385079487783,0.011755794672724525
8.169999999999877,0.0057116304607838135,0.010185172832935798
8.174999999999878,0.0048008529171944,0.008588326706815533
8.179999999999879,0.003875766887819498,0.006969145427936891
8.18499999999988,0.002939129443144739,0.005331618690319851
8.18999999999988,0.0019937320864571798,0.003679767543904933
8.194999999999881,0.0010423924502768927,0.002017577403170939
8.199999999999882,8.794591109849931e-5,0.00034895063345072525
8.204999999999883,-0.0008667628603677284,-0.0013223112554148863
8.209999999999884,-0.001818888386592448,-0.0029924931025413003
8.214999999999884,-0.002765592874530542,-0.004657921095008269
8.219999999999885,-0.003704054690804311,-0.006314898978409084
8.224999999999886,-0.0046314767897468,-0.007959646075963344
8.229999999999887,-0.005545095060383861,-0.009588256490466393
8.234999999999888,-0.006442186565953057,-0.011196691887726878
8.239999999999888,-0.007320077651384184,-0.012780809548900837
8.244999999999889,-0.00817615189849519,-0.014336417369088951
8.24999999999989,-0.009007857909194505,-0.015859343214373975
8.25499999999989,-0.009812716894503463,-0.01734550346111265
8.259999999999891,-0.010588330049509006,-0.018790953927573982
8.264999999999892,-0.011332385699130679,-0.020191909615125216
8.269999999999893,-0.012042666196630858,-0.021544728843031415
8.274999999999894,-0.012717054549241236,-0.022845870176709727
8.279999999999895,-0.013353540743119854,-0.024091838128690226
8.284999999999895,-0.01395022774758488,-0.02527913372821445
8.289999999999896,-0.014505337180329543,-0.026404224853904992
8.294999999999897,-0.015017214610996026,-0.02746354764608302
8.299999999999898,-0.015484334483367406,-0.028453542142321684
8.304999999999898,-0.015905304648913134,-0.029370717744974892
8.3099999999999,-0.016278870499292972,-0.03021173399142351
8.3149999999999,-0.01660391868431608,-0.03097347237792799
8.3199999999999,-0.016879480420239956,-0.03165308245686241
8.324999999999902,-0.017104734378271234,-0.03224799784970382
8.329999999999902,-0.017279009140152426,-0.03275592185084944
8.334999999999903,-0.01740178521491371,-0.03317478789789448
8.339999999999904,-0.01747269660632789,-0.03350270769387673
8.344999999999905,-0.017491531922527795,-0.0337379239465507
8.349999999999905,-0.01745823501991442,-0.033878785171675085
8.354999999999906,-0.017372905171816184,-0.03392375397367637
8.359999999999907,-0.017235796759314928,-0.03387144912359945
8.364999999999908,-0.017047318493416428,-0.03372071142959951
8.369999999999909,-0.016808032178406637,-0.03347067809828664
8.37499999999991,-0.016518651021414216,-0.033120850792264886
8.37999999999991,-0.01618003749420825,-0.03267114248632786
8.384999999999911,-0.015793200761016642,-0.03212189023851954
8.389999999999912,-0.015359293683479085,-0.03147383236614222
8.394999999999913,-0.014879609404682678,-0.03072806025320913
8.399999999999913,-0.014355577515736507,-0.029885959912473524
8.404999999999914,-0.013788759812605592,-0.02894916105473695
8.409999999999915,-0.013180845650402276,-0.02791950831380639
8.414999999999916,-0.012533646906052014,-0.02679906078538289
8.419999999999916,-0.011849092566496756,-0.02559012128884617
8.424999999999917,-0.011129222960452705,-0.024295290031643463
8.429999999999918,-0.010376183655995599,-0.022917526623969918
8.434999999999919,-0.009592219049477423,-0.02146020068631482
8.43999999999992,-0.008779665668827359,-0.01992711631632808
8.44499999999992,-0.007940945213051602,-0.018322503351746414
8.449999999999921,-0.007078557348243221,-0.0166509760108575
8.454999999999922,-0.006195072277059516,-0.014917467101389126
8.459999999999923,-0.005293123098245424,-0.013127152654832216
8.464999999999923,-0.004375397974456587,-0.011285384509317707
8.469999999999924,-0.0034446321274578216,-0.009397646082429227
8.474999999999925,-0.00250359968182272,-0.00746954011823237
8.479999999999926,-0.0015551053826034413,-0.0055068065504856375
8.484999999999927,-0.0006019762164247515,-0.003515359455212206
8.489999999999927,0.00035294703481693183,-0.0015013284459386646
8.494999999999928,0.001306818276547771,0.0005289113404380655
8.499999999999929,0.002256794588725653,0.0025687348373178236
8.50499999999993,0.0032000446955646328,0.004611297280688404
8.50999999999993,0.004133757390713168,0.006649597977717969
8.514999999999931,0.005055149890840439,0.00867656350187083
8.519999999999932,0.005961476107634986,0.010685133123237074
8.524999999999933,0.006850034818629786,0.012668332506191666
8.529999999999934,0.007718177713004266,0.014619323924115343
8.534999999999934,0.008563317291137405,0.01653142664753358
8.539999999999935,0.009382934592451491,0.018398108036750314
8.544999999999936,0.010174586725811533,0.02021295350605003
8.549999999999937,0.010935914174817466,0.021969631980081693
8.554999999999938,0.011664647846536574,0.02366187560495309
8.559999999999938,0.012358615836025929,0.02528348678147105
8.564999999999939,0.013015749889275719,0.026828376387131796
8.56999999999994,0.013634091550708903,0.028290628546344482
8.57499999999994,0.014211797979034511,0.0296645827901768
8.579999999999941,0.014747147416164995,0.030944919716387943
8.584999999999942,0.015238544302034513,0.032126731892681164
8.589999999999943,0.015684524028471168,0.033205565773242865
8.594999999999944,0.016083757315248835,0.0341774299185624
8.599999999999945,0.0164350541894412,0.03503877337542727
8.604999999999945,0.01673736755743349,0.03578644788537745
8.609999999999946,0.016989796348979364,0.03641766962772446
8.614999999999947,0.017191588211294517,0.036929989227654614
8.619999999999948,0.01734214175207085,0.03732128126872737
8.624999999999948,0.017441008322692755,0.0375897645991246
8.62999999999995,0.0174878933354739,0.03773405127423089
8.63499999999995,0.017482657119030097,0.037753211007149574
8.63999999999995,0.01742531531498369,0.037646833590412224
8.644999999999952,0.017316038821338888,0.037415072235295756
8.649999999999952,0.017155153286249628,0.03705865767546411
8.654999999999953,0.016943138149775997,0.0365788809648076
8.659999999999954,0.016680625231364092,0.035977549187378395
8.664999999999955,0.016368396866557507,0.03525692339400518
8.669999999999956,0.016007383595063436,0.03441965318274268
8.674999999999956,0.015598661398680073,0.033468726447243344
8.679999999999957,0.015143448490988615,0.03240744681262175
8.684999999999958,0.014643101672731987,0.031239439015666767
8.689999999999959,0.014099112270159154,0.02996867613071622
8.69499999999996,0.013513101669875542,0.028599518221302425
8.69999999999996,0.012886816468213535,0.027136747329577833
8.704999999999961,0.012222123256271278,0.02558558492517589
8.709999999999962,0.011521003058299534,0.02395168139592499
8.714999999999963,0.010785545439303714,0.022241071984668237
8.719999999999963,0.010017942297207264,0.02046010527306942
8.724999999999964,0.009220481351567137,0.01861535981857084
8.729999999999965,0.008395539342217543,0.016713564516419758
8.734999999999966,0.007545574954737326,0.01476153524088263
8.739999999999966,0.0066731214910683324,0.0127661372410783
8.744999999999967,0.0057807793071956185,0.010734276686304061
8.749999999999968,0.0048712080435855745,0.008672916121291886
8.754999999999969,0.003947118676358614,0.006589101238553836
8.75999999999997,0.003011265419102514,0.004489983137024325
8.76499999999997,0.0020664375050987948,0.002382821594848693
8.769999999999971,0.0011154508766850369,0.00027496096390498603
8.774999999999972,0.00016113980498246684,-0.0018262213681370792
8.779999999999973,-0.0007936515380078235,-0.0039133879865502486
8.784999999999973,-0.0017460775340556994,-0.005979324921509107
8.789999999999974,-0.002693299582414938,-0.008017019987898742
8.794999999999975,-0.0036324945519438483,-0.010019720932483477
8.799999999999976,-0.004560863196588348,-0.011980964146607662
8.804999999999977,-0.005475638513760463,-0.013894574963859698
8.809999999999977,-0.006374094013013734,-0.01575464737005026
8.814999999999978,-0.007253551857810537,-0.01755551086193563
8.819999999999979,-0.008111390861703134,-0.019291697778332426
8.82499999999998,-0.008945054310526456,-0.02095792818558387
8.82999999999998,-0.009752057580117676,-0.022549122506143684
8.834999999999981,-0.010529995528433533,-0.02406044297996225
8.839999999999982,-0.011276549643937811,-0.02548735518248564
8.844999999999983,-0.011989494937045122,-0.026825693878136003
8.849999999999984,-0.012666706559932779,-0.02807171888932649
8.854999999999984,-0.013306166133758152,-0.029222150671744135
8.859999999999985,-0.013905967763746092,-0.030274178857829355
8.864999999999986,-0.014464323728810508,-0.031225441573241412
8.869999999999987,-0.0149795698294459,-0.032073980626231076
8.874999999999988,-0.015450170369333108,-0.032818187809516744
8.879999999999988,-0.01587472274485732,-0.0334567597807133
8.88499999999999,-0.01625196162915857,-0.03398867233237799
8.88999999999999,-0.016580762741903364,-0.03441317935898035
8.89499999999999,-0.016860146190479687,-0.03472983622817201
8.899999999999991,-0.017089279371552548,-0.034938540120475564
8.904999999999992,-0.017267479434767502,-0.035039577338647945
8.909999999999993,-0.01739421530390128,-0.03503366311693973
8.914999999999994,-0.017469109248171907,-0.03492195454652588
8.919999999999995,-0.017491938011028395,-0.03470602952365707
8.924999999999995,-0.017462633488907,-0.03438783951764744
8.929999999999996,-0.017381282950908863,-0.033969646501326965
8.934999999999997,-0.017248128797995095,-0.03345395564545265
8.939999999999998,-0.017063567857184127,-0.03284345679280865
8.944999999999999,-0.01682815020875681,-0.03214098584273017
8.95,-0.016542577547315973,-0.03134951344345631
8.955,-0.016207701078483915,-0.030472161081974463
8.96,-0.015824518959867508,-0.029512235371642097
8.965000000000002,-0.015394173303960272,-0.0284732648030692
8.970000000000002,-0.01491794675913319,-0.027359023511955467
8.975000000000003,-0.01439725867928887,-0.026173533714149103
8.980000000000004,-0.013833660892950118,-0.024921042784424422
8.985000000000005,-0.013228833089024533,-0.02360597410679967
8.990000000000006,-0.012584577832043392,-0.02223286004533665
8.995000000000006,-0.011902815212091794,-0.020806272452531364
9.000000000000007,-0.011185577138795349,-0.019330766098202102
9.005000000000008,-0.010435001292407459,-0.01781084622469147
9.010000000000009,-0.009653324749373325,-0.01625096410384183
9.01500000000001,-0.008842877303936576,-0.014655537336578397
9.02000000000001,-0.008006074505935674,-0.013028986479265647
9.025000000000011,-0.007145410439344085,-0.011375775322304035
9.030000000000012,-0.0062634502709383744,-0.009700439621832018
9.035000000000013,-0.00536282259767893,-0.008007591581450315
9.040000000000013,-0.004446211616990799,-0.006301896035869623
9.045000000000014,-0.003516349139986346,-0.004588023550853856
9.050000000000015,-0.0025760064675428756,-0.00287059080154999
9.055000000000016,-0.0016279861503912599,-0.001154101135017338
9.060000000000016,-0.0006751136535495253,0.0005571011725788529
9.065000000000017,0.00027977105597452574,0.002258852110235101
9.070000000000018,0.0012338219773173743,0.003947159618409117
9.075000000000019,0.0021841955729510593,0.005618169582899429
9.08000000000002,0.0031280592631361577,0.007268118145723459
9.08500000000002,0.004062599886802237,0.008893285125720964
9.090000000000021,0.004985032101627994,0.010489961787209946
9.095000000000022,0.005892606694069229,0.012054442455768524
9.100000000000023,0.006782618768731598,0.013583043125154414
9.105000000000024,0.0076524157981930855,0.015072144775859178
9.110000000000024,0.00849940550957648,0.01651825114800227
9.115000000000025,0.009321063583888001,0.01791804129112245
9.120000000000026,0.010114941163000787,0.019268401680551796
9.125000000000027,0.010878672144339931,0.02056643290301715
9.130000000000027,0.011609980237283907,0.021809430440672774
9.135000000000028,0.01230668576084252,0.022994844276343258
9.140000000000029,0.012966712160000452,0.024120227155133636
9.14500000000003,0.013588092218688428,0.025183184519619074
9.15000000000003,0.014168973943892792,0.026181341244951032
9.155000000000031,0.014707626092766959,0.027112336411438898
9.160000000000032,0.015202443322767316,0.027973847827145806
9.165000000000033,0.015651950957503432,0.028763638427663777
9.170000000000034,0.01605480936209168,0.029479611471167073
9.175000000000034,0.01640981791601021,0.030119862196538765
9.180000000000035,0.016715918572296005,0.030682713900768106
9.185000000000036,0.016972199001677818,0.031166727245266437
9.190000000000037,0.01717789531953612,0.031570680226214946
9.195000000000038,0.017332394382140487,0.03189352651696333
9.200000000000038,0.017435235636022544,0.03213434504514884
9.20500000000004,0.017486112513360064,0.03229229742806423
9.21000000000004,0.01748487336159558,0.032366606235220335
9.21500000000004,0.0174315218967501,0.03235655655423931
9.220000000000041,0.017326217185866483,0.0322615218020423
9.225000000000042,0.01716927315674867,0.03208101245440688
9.230000000000043,0.016961157638401836,0.03181473552828343
9.235000000000044,0.016702490945266053,0.03146264759419533
9.240000000000045,0.01639404401530663,0.03102498743508968
9.245000000000045,0.016036736111052333,0.03050228083504413
9.250000000000046,0.015631632090756197,0.029895318233533183
9.255000000000047,0.015179939252495615,0.029205113192131458
9.260000000000048,0.01468300375497358,0.028432854018096476
9.265000000000049,0.014142306624009504,0.027579862260258513
9.27000000000005,0.013559459352568151,0.026647570665698665
9.27500000000005,0.012936199100353018,0.02563752976218091
9.28000000000005,0.012274383504544977,0.024551442535470022
9.285000000000052,0.011575985124331233,0.023391216479373797
9.290000000000052,0.010843085542231607,0.022159019759861134
9.295000000000053,0.010077869142156403,0.020857328062592904
9.300000000000054,0.00928261658786971,0.01948894950123259
9.305000000000055,0.00845969802356746,0.018057020385377695
9.310000000000056,0.00761156601891168,0.01656497237057288
9.315000000000056,0.006740748279519964,0.015016479700999922
9.320000000000057,0.005849840135036157,0.013415401452792816
9.325000000000058,0.004941496821011405,0.011765734189187025
9.330000000000059,0.004018425575150553,0.010071585743681154
9.33500000000006,0.003083377569426316,0.008337174878776624
9.34000000000006,0.002139139701534288,0.0065668560931944325
9.345000000000061,0.001188526270977452,0.004765161917064179
9.350000000000062,0.0002343705690476911,0.002936848030278606
9.355000000000063,-0.0007204835846503069,0.0010869249529780272
9.360000000000063,-0.0016731903272573416,-0.0007793353275036698
9.365000000000064,-0.002620910232790375,-0.0026564222616093616
9.370000000000065,-0.0035608187646242926,-0.004538636036614362
9.375000000000066,-0.004490114677201476,-0.0064201541852808896
9.380000000000067,-0.0054060283440244316,-0.008295102714021238
9.385000000000067,-0.0063058299933556,-0.010157616628953953
9.390000000000068,-0.007186837834811203,-0.012001877068184674
9.395000000000069,-0.008046426054263842,-0.01382212005847512
9.40000000000007,-0.008882032650241055,-0.015612620314952327
9.40500000000007,-0.009691167090042866,-0.017367661922353138
9.410000000000071,-0.010471417753510456,-0.019081510059157522
9.415000000000072,-0.011220459131346934,-0.02074839295472472
9.420000000000073,-0.011936058763824448,-0.022362504424306606
9.425000000000074,-0.012616083895046825,-0.02391803626402102
9.430000000000074,-0.013258507818275969,-0.025409238588545477
9.435000000000075,-0.01386141589842711,-0.026830496638803027
9.440000000000076,-0.014423011259322773,-0.028176407859745026
9.445000000000077,-0.014941620126212921,-0.02944184334067687
9.450000000000077,-0.015415696811742468,-0.03062198427370085
9.455000000000078,-0.015843828326828586,-0.03171233109427341
9.460000000000079,-0.01622473859925238,-0.03270868846114246
9.46500000000008,-0.01655729229033124,-0.033607134644191024
9.47000000000008,-0.01684049819765218,-0.034403988806416694
9.475000000000081,-0.017073512224644215,-0.03509579304088899
9.480000000000082,-0.01725563989963882,-0.035679320793894354
9.485000000000083,-0.017386338439708465,-0.036151612139477166
9.490000000000084,-0.017465218358927632,-0.03651003035083783
9.495000000000084,-0.01749204461585191,-0.036752330322331106
9.500000000000085,-0.017466737297561312,-0.036876724469959515
9.505000000000086,-0.017389371846683987,-0.036881933332622976
9.510000000000087,-0.017260178832002343,-0.0367672102944653
9.515000000000088,-0.017079543260641795,-0.03653233137179603
9.520000000000088,-0.016848003440871263,-0.036177555368628836
9.52500000000009,-0.016566249393984295,-0.03570357172329411
9.53000000000009,-0.01623512081268246,-0.03511145115430453
9.53500000000009,-0.015855604570648583,-0.03440261095285441
9.540000000000092,-0.015428831787303872,-0.03357880402863157
9.545000000000092,-0.014956074455760873,-0.0326421344385423
9.550000000000093,-0.014438741644769253,-0.031595094802182214
9.555000000000094,-0.013878375284768114,-0.030440614299117805
9.560000000000095,-0.013276645553712278,-0.029182101900928188
9.565000000000095,-0.012635345885020743,-0.027823469747388772
9.570000000000096,-0.011956387617491591,-0.026369127088278467
9.575000000000097,-0.011241794301848155,-0.024823944960411813
9.580000000000098,-0.010493695677552532,-0.02319319744576637
9.585000000000099,-0.009714321338511871,-0.021482488646103033
9.5900000000001,-0.008905994104425058,-0.019697680533994545
9.5950000000001,-0.008071123111033123,-0.017844837485872893
9.600000000000101,-0.007212196636341163,-0.015930196757119992
9.605000000000102,-0.006331774680640756,-0.013960165884248284
9.610000000000102,-0.005432481325763157,-0.011941340461266693
9.615000000000103,-0.004516996902446252,-0.009880531220105229
9.620000000000104,-0.003588049987529124,-0.007784786781282119
9.625000000000105,-0.0026484092589329836,-0.005661398295467475
9.630000000000106,-0.0017008752381523539,-0.003517875877671066
9.635000000000106,-0.000748271946341714,-0.0013618941088036581
9.640000000000107,0.00020656150177108233,0.000798785753583873
9.645000000000108,0.0011607793456127424,0.0029564022256669572
9.650000000000109,0.0021115376478641006,0.005103274033245383
9.65500000000011,0.00305600276121336,0.00723186233051965
9.66000000000011,0.003991359768189729,0.009334806217856456
9.665000000000111,0.0049148208723841106,0.01140492927813558
9.670000000000112,0.0058236337177153385,0.013435222554990557
9.675000000000113,0.006715089606663137,0.015418817158892697
9.680000000000113,0.00758653158633764,0.017348963236580695
9.685000000000114,0.008435362375743426,0.01921902849141368
9.690000000000115,0.0092590521107908,0.021022522994561768
9.695000000000116,0.01005514588220694,0.022753150667082292
9.700000000000117,0.010821271041915449,0.024404880573760626
9.705000000000117,0.011555144263313688,0.025972027438584414
9.710000000000118,0.012254578334379622,0.027449326109579605
9.715000000000119,0.012917488660533284,0.028831979622370878
9.72000000000012,0.013541899472938497,0.030115671965270294
9.72500000000012,0.014125949723074148,0.03129655145829405
9.730000000000121,0.014667898639571748,0.03237119433689337
9.735000000000122,0.01516613093014396,0.03333656057041493
9.740000000000123,0.015619161609382948,0.03418995537921131
9.745000000000124,0.016025640437096648,0.03492900816640659
9.750000000000124,0.016384355951200632,0.03555167791881164
9.755000000000125,0.016694239075611458,0.03605628700624666
9.760000000000126,0.016954366291387236,0.036441574969419674
9.765000000000127,0.01716396237122743,0.036706756276589085
9.770000000000127,0.017322402676863097,0.036851565309445534
9.775000000000128,0.017429215011992072,0.036876278516018275
9.780000000000129,0.01748408102318889,0.03678170826927207
9.78500000000013,0.017486837150344395,0.03656916590069239
9.79000000000013,0.017437475127505223,0.036240400994757546
9.795000000000131,0.01733614202547162,0.03579753258770612
9.800000000000132,0.017183139828031355,0.035242988546297635
9.805000000000133,0.016978924543066865,0.034579467630440994
9.810000000000134,0.016724104846487835,0.033809930464760364
9.815000000000135,0.01641944025899409,0.03293761323025709
9.820000000000135,0.01606583886973319,0.03196605620036537
9.825000000000136,0.01566435461499654,0.030899138657392307
9.830000000000137,0.015216184121751488,0.029741105088365315
9.835000000000138,0.014722663131972867,0.0284965675649802
9.840000000000138,0.014185262520967908,0.027170477200033155
9.84500000000014,0.013605583922421614,0.025768066864114286
9.85000000000014,0.012985354971070036,0.0242947754550456
9.85500000000014,0.012326424169844644,0.02275616841927143
9.860000000000142,0.01163075539140259,0.02115786926815734
9.865000000000142,0.010900422030775753,0.01950551351480573
9.870000000000143,0.010137600826024619,0.017804731444532904
9.875000000000144,0.009344565362566087,0.016061160154982275
9.880000000000145,0.008523679280793396,0.014280475281029919
9.885000000000145,0.007677389214560461,0.012468425225006474
9.890000000000146,0.006808217487010942,0.010630852503835424
9.895000000000147,0.005918754587388464,0.008773692001338219
9.900000000000148,0.005011651453730397,0.006902941491933048
9.905000000000149,0.004089611579997326,0.005024605348151006
9.91000000000015,0.00315538297154811,0.003144619862142815
9.91500000000015,0.0022117499748674253,0.0012687777115465817
9.920000000000151,0.0012615249933888633,-0.0005973309815138755
9.925000000000152,0.0003075401094456557,-0.0024483506972770527
9.930000000000152,-0.000647361360746833,-0.0042791626928425815
9.935000000000153,-0.001600333352255688,-0.006084861740321189
9.940000000000154,-0.002548535548562836,-0.007860716220996265
9.945000000000155,-0.003489141863997488,-0.009602123470392781
9.950000000000156,-0.0044193488821,-0.011304576107189334
9.955000000000156,-0.00533638421735622,-0.012963653424260826
9.960000000000157,-0.006237514771696639,-0.014575043267495294
9.965000000000158,-0.007120054865753258,-0.016134589026750717
9.970000000000159,-0.007981374227318611,-0.017638348946958624
9.97500000000016,-0.008818905815878662,-0.019082654344358012
9.98000000000016,-0.009630153459978308,-0.020464154345938
9.985000000000161,-0.010412699289847,-0.021779835260860723
9.990000000000162,-0.011164210949452599,-0.023027008457504765
9.995000000000163,-0.011882448563168686,-0.024203270476675483
10.000000000000163,-0.012565271428163868,-0.025306447108508205
10.005000000000164,-0.013210644413143716,-0.026334539420231725
10.010000000000165,-0.01381664403646641,-0.02728568671038268
10.015000000000166,-0.01438146419540554,-0.028158150017394457
10.020000000000167,-0.01490342154224277,-0.028950318868317674
10.025000000000167,-0.015380960490179129,-0.029660743527927257
10.030000000000168,-0.015812657831450545,-0.030288183978751118
10.035000000000169,-0.016197226962298028,-0.030831659123479682
10.04000000000017,-0.01653352170750294,-0.03129047954248103
10.04500000000017,-0.016820539737893034,-0.031664252409379375
10.050000000000171,-0.017057425570435738,-0.03195285747737043
10.055000000000172,-0.017243473133724346,-0.03215640120979034
10.060000000000173,-0.017378127885069466,-0.032275159435945645
10.065000000000174,-0.017460988474960706,-0.032309520573363434
10.070000000000174,-0.017491807953353745,-0.03225994293628437
10.075000000000175,-0.017470494506833027,-0.03212693948253722
10.080000000000176,-0.01739711171957597,-0.03191109405700087
10.085000000000177,-0.017271878365635603,-0.03161310021864102
10.090000000000177,-0.01709516774235642,-0.031233809895876062
10.095000000000178,-0.016867506546269923,-0.03077427942501597
10.100000000000179,-0.01658957329584971,-0.030235800036793558
10.10500000000018,-0.01626219631173684,-0.02961990423310698
10.11000000000018,-0.015886351258010203,-0.028928344711445064
10.115000000000181,-0.01546315824775073,-0.028163047496730226
10.120000000000182,-0.014993878521857153,-0.027326052344888715
10.125000000000183,-0.014479910703314877,-0.02641945951385182
10.130000000000184,-0.013922786633673885,-0.025445395859619274
10.135000000000185,-0.01332416680574286,-0.024406006346509357
10.140000000000185,-0.012685835405696278,-0.02330347258636033
10.145000000000186,-0.012009694980987598,-0.022140053894088407
10.150000000000187,-0.01129776075497514,-0.020918139696143617
10.155000000000188,-0.010552154608461432,-0.019640298121723434
10.160000000000188,-0.009775098748322317,-0.01830930654242075
10.16500000000019,-0.00896890908586263,-0.01692815536800201
10.17000000000019,-0.00813598834505417,-0.015500024574167003
10.17500000000019,-0.007278818916419041,-0.014028240503101615
10.180000000000192,-0.0063999554731050115,-0.012516223856698741
10.185000000000192,-0.005502017369491426,-0.010967440978213361
10.190000000000193,-0.004587680840537961,-0.00938537192431731
10.195000000000194,-0.003659671022245412,-0.007773504937388766
10.200000000000195,-0.0027207538204806194,-0.00613535829384285
10.205000000000195,-0.0017737276512426433,-0.0044745212664928
10.210000000000196,-0.0008214150833484445,-0.002794701119632388
10.215000000000197,0.00013334558177579352,-0.0010997647678792054
10.220000000000198,0.0010877087733306913,0.0006062356958516124
10.225000000000199,0.0020388301304479855,0.0023190630413864473
10.2300000000002,0.0029838749693465835,0.0040343231063916
10.2350000000002,0.00392002671640657,0.0057475152753941215
10.240000000000201,0.004844495286754672,0.0074540915979256555
10.245000000000202,0.005754525390102063,0.009149508485700472
10.250000000000203,0.006647404741784805,0.010829259953039566
10.255000000000203,0.007520472151778014,0.012488887524888062
10.260000000000204,0.0083711254647483,0.01412396676152781
10.265000000000205,0.009196829328101166,0.015730075476013683
10.270000000000206,0.009995122763918896,0.017302754249082813
10.275000000000206,0.010763626515535,0.01883747463039254
10.280000000000207,0.01150005014005571,0.020329628728930516
10.285000000000208,0.012202198827727601,0.021774545518969762
10.290000000000209,0.012867979932955643,0.023167531866817852
10.29500000000021,0.013495409198480733,0.02450393131233943
10.30000000000021,0.014082616654852652,0.025779189281510656
10.305000000000211,0.014627852185870328,0.026988913502643562
10.310000000000212,0.01512949074263028,0.028128917738409497
10.315000000000213,0.015586037186507879,0.029195236093435845
10.320000000000213,0.015996130756555947,0.03018410815764037
10.325000000000214,0.016358549141704207,0.031091948430301893
10.330000000000215,0.016672212137115654,0.03191531368015872
10.335000000000216,0.01693618487322906,0.03265087982927384
10.340000000000217,0.01714968060522937,0.033295437748454774
10.345000000000217,0.017312063055544957,0.033845912949835515
10.350000000000218,0.017422848303541533,0.034299409515896634
10.355000000000219,0.017481706214166684,0.0346532719537715
10.36000000000022,0.017488461403434782,0.03490515182631948
10.36500000000022,0.017443093748156346,0.03505306352883481
10.370000000000221,0.01734573844402257,0.035095417705788313
10.375000000000222,0.017196685608163967,0.035031029810267435
10.380000000000223,0.016996379422614054,0.034859106132352886
10.385000000000224,0.016745416823072568,0.03457921178158801
10.390000000000224,0.01644454573656961,0.034191232072690536
10.395000000000225,0.016094662865299737,0.03369534262893633
10.400000000000226,0.015696811017770915,0.03309199898812238
10.405000000000227,0.015252175996700765,0.03238195101543866
10.410000000000228,0.014762083053635536,0.031566279329233005
10.415000000000228,0.014227992922293022,0.03064644177964864
10.420000000000229,0.013651497449415332,0.029624318840327506
10.42500000000023,0.013034314839317194,0.028502249112912877
10.43000000000023,0.01237828452885312,0.027283044211048463
10.435000000000231,0.01168536171090961,0.02596997622846614
10.440000000000232,0.010957611520551067,0.024566740266977638
10.445000000000233,0.010197202897406894,0.023077401496381388
10.450000000000234,0.009406402138459488,0.021506339256520204
10.455000000000235,0.008587566154427254,0.019858200488165154
10.460000000000235,0.007743135446521226,0.0181378719238179
10.465000000000236,0.0068756268257174485,0.016350474990600702
10.470000000000237,0.005987625898061744,0.014501380983610548
10.475000000000238,0.005081779341016572,0.012596238939821792
10.480000000000238,0.004160786998262947,0.010641003270383212
10.48500000000024,0.003227393822404745,0.008641946814452208
10.49000000000024,0.002284381691972924,0.0066056506378818465
10.49500000000024,0.0013345611273014475,0.004538968411692409
10.500000000000242,0.00038076292973049993,0.002448968679951576
10.505000000000242,-0.0005741702391577183,0.00034286256748580703
10.510000000000243,-0.0015273923148433545,-0.0017720710242668182
10.515000000000244,-0.0024760622975638228,-0.0038885468243821204
10.520000000000245,-0.003417352716743833,-0.005999310861204038
10.525000000000245,-0.0043484580670867645,-0.008097153644461721
10.530000000000246,-0.005266603185779903,-0.010174904280033129
10.535000000000247,-0.006169051542386299,-0.012225415461349913
10.540000000000248,-0.007053113411370837,-0.01424155020900359
10.545000000000249,-0.007916153900555032,-0.016216180265543476
10.55000000000025,-0.00875560080926555,-0.018142205518336466
10.55500000000025,-0.009568952288145036,-0.020012598953712112
10.560000000000251,-0.010353784277555199,-0.021820472815894283
10.565000000000252,-0.011107757710531633,-0.023559154235438726
10.570000000000253,-0.01182862546739842,-0.025222256166943617
10.575000000000253,-0.012514239063360782,-0.02680373314968515
10.580000000000254,-0.013162555048271582,-0.028297915543957976
10.585000000000255,-0.013771641103156167,-0.029699518801708732
10.590000000000256,-0.014339681816820224,-0.03100363085296449
10.595000000000256,-0.014864984118595135,-0.032205688016584
10.600000000000257,-0.015345982342015601,-0.03330145255601734
10.605000000000258,-0.01578124290438329,-0.034287005943396724
10.610000000000259,-0.0161694685820925,-0.03515876504525228
10.61500000000026,-0.016509502361985846,-0.03591351531032803
10.62000000000026,-0.016800330871356784,-0.03654845526702509
10.625000000000261,-0.017041087379329918,-0.03706124868249938
10.630000000000262,-0.01723105436160164,-0.03745007351080957
10.635000000000263,-0.017369665628521203,-0.0377136546924825
10.640000000000263,-0.01745650801282108,-0.03785127212618528
10.645000000000264,-0.01749132261414338,-0.03786274179823668
10.650000000000265,-0.01747400559381443,-0.03774837708392452
10.655000000000266,-0.017404608506511748,-0.037508942562177315
10.660000000000267,-0.017283338160050156,-0.03714561231820154
10.665000000000267,-0.01711055600526992,-0.036659941424297085
10.670000000000268,-0.01688677705832297,-0.03605385601311601
10.675000000000269,-0.016612668354628223,-0.03532966517007827
10.68000000000027,-0.01628904693864392,-0.03449008990894981
10.68500000000027,-0.01591687740509928,-0.03353829531221712
10.690000000000271,-0.015497269008615883,-0.03247791269511806
10.695000000000272,-0.01503147235171818,-0.03131304310894682
10.700000000000273,-0.014520875660653448,-0.030048236664662182
10.705000000000274,-0.013967000661331509,-0.028688449035616247
10.710000000000274,-0.013371498063474032,-0.02723898147393815
10.715000000000275,-0.012736142660110486,-0.025705412082436846
10.720000000000276,-0.012062828054674712,-0.02409353150797307
10.725000000000277,-0.011353561025021677,-0.0224092970717826
10.730000000000278,-0.010610455538156809,-0.02065881035911733
10.735000000000278,-0.00983572643621554,-0.018848315062663414
10.740000000000279,-0.009031682816049467,-0.01698420819700651
10.74500000000028,-0.008200721127820288,-0.015073055019521372
10.75000000000028,-0.007345318018218154,-0.01312159613775617
10.755000000000281,-0.006468022942055231,-0.0111367366668114
10.760000000000282,-0.005571450566036834,-0.009125512293705038
10.765000000000283,-0.004658272988352269,-0.007095033665135726
10.770000000000284,-0.0037312117942506777,-0.005052417218367494
10.775000000000285,-0.0027930299645928906,-0.003004715184725828
10.780000000000285,-0.0018465236552620908,-0.000958856038861172
10.785000000000286,-0.0008945138696718363,0.001078397146151987
10.790000000000287,6.0161952924913764e-5,0.003100465719941519
10.795000000000288,0.0010146584075934376,0.005100952446820586
10.800000000000288,0.001966130621381634,0.007073623621355744
10.80500000000029,0.0029117427537368326,0.00901238963371632
10.81000000000029,0.0038486764655135835,0.010911296816857407
10.81500000000029,0.0047741393192408,0.012764534720647789
10.820000000000292,0.005685373094907687,0.014566460388160965
10.825000000000292,0.006579661998646719,0.016311640434059946
10.830000000000293,0.007454340739118135,0.01799490529773558
10.835000000000294,0.008306802452931158,0.019611405116006904
10.840000000000295,0.009134506460149296,0.021156653935655863
10.845000000000296,0.009934985833196703,0.022626550873042595
10.850000000000296,0.010705854758774953,0.024017376037904305
10.855000000000297,0.011444815664361795,0.02532576727643226
10.860000000000298,0.012149666081305327,0.02654868672431393
10.865000000000299,0.012818305223563633,0.0276833861108617
10.8700000000003,0.013448740261691699,0.0287273795753949
10.8750000000003,0.014039092267539468,0.029678434149089414
10.880000000000301,0.014587601805798111,0.03053458346863141
10.885000000000302,0.015092634160645354,0.03129415952118723
10.890000000000303,0.015552684191295806,0.03195583153352049
10.895000000000303,0.015966380803535095,0.03251864084538169
10.900000000000304,0.016332491024347487,0.032982021746946893
10.905000000000305,0.01664992367611843,0.03334580394583419
10.910000000000306,0.01691773263620785,0.03361019459915848
10.915000000000306,0.017135119665009874,0.03377573659091845
10.920000000000307,0.01730143680211791,0.03384325137791369
10.925000000000308,0.01741618831542806,0.03381378484063518
10.930000000000309,0.017479032188265756,0.03368856908665785
10.93500000000031,0.017489781140789175,0.033469005347223205
10.94000000000031,0.017448403182566085,0.03315666755181023
10.945000000000311,0.017355021697585644,0.03275332145518775
10.950000000000312,0.01720991506433923,0.03226095217221084
10.955000000000313,0.017013515811435887,0.031681790596109954
10.960000000000313,0.016766409313762977,0.031018327108464572
10.965000000000314,0.01646933204208344,0.03027330321228969
10.970000000000315,0.016123169374896443,0.029449679393223575
10.975000000000316,0.015728952972694846,0.028550587609803516
10.980000000000317,0.01528785771535078,0.02757927905738523
10.985000000000317,0.01480119821332013,0.026539074979925685
10.990000000000318,0.01427042490235279,0.025433329921060798
10.995000000000319,0.013697119725920871,0.024265416272877302
11.00000000000032,0.013082991415703984,0.023038731968954066
11.00500000000032,0.012429870387013755,0.021756726041332653
11.010000000000321,0.01173970326772571,0.020422931107619852
11.015000000000322,0.01101454708205902,0.01904098968501309
11.020000000000323,0.01025656311030025,0.01761466569103322
11.025000000000324,0.009468010443300388,0.01614783749327111
11.030000000000324,0.008651239252814868,0.01464447099695462
11.035000000000325,0.0078086837988134514,0.013108575791624055
11.040000000000326,0.006942855190716723,0.011544154627363065
11.045000000000327,0.006056333918195644,0.009955159867607513
11.050000000000328,0.0051517621700904,0.008345467428803115
11.055000000000328,0.004231835962409945,0.006718872622497624
11.06000000000033,0.0032992970982285725,0.005079106822468336
11.06500000000033,0.002356924984686545,0.0034298694962566823
11.07000000000033,0.0014075283340122349,0.0017748667711263858
11.075000000000331,0.00045393677705623175,0.0001178454516635373
11.080000000000332,-0.0005010075804155699,-0.0015373891046566992
11.085000000000333,-0.0014544586298574473,-0.0031869782137517065
11.090000000000334,-0.0024035747373108056,-0.004827036685354255
11.095000000000335,-0.003345527202207486,-0.006453693601170613
11.100000000000335,-0.0042775086718995145,-0.008063136600070277
11.105000000000336,-0.0051967414958399745,-0.009651650535067
11.110000000000337,-0.006100485995420868,-0.011215641797847778
11.115000000000338,-0.006986048621561766,-0.012751638155035407
11.120000000000339,-0.007850789987007119,-0.014256263162760983
11.12500000000034,-0.008692132746432853,-0.01572619587768645
11.13000000000034,-0.009507569292935246,-0.017158129029849544
11.13500000000034,-0.010294669245643458,-0.018548737533848572
11.140000000000342,-0.011051086703027055,-0.019894665141619614
11.145000000000342,-0.01177456723988048,-0.021192532080926633
11.150000000000343,-0.012462954625759698,-0.02243896385234493
11.155000000000344,-0.01311419724092744,-0.023630636532229705
11.160000000000345,-0.013726354172179904,-0.0247643275371044
11.165000000000346,-0.014297600980144732,-0.025836957644390077
11.170000000000346,-0.014826235127825575,-0.026845613063828787
11.175000000000347,-0.015310681052898883,-0.02778754537472622
11.180000000000348,-0.015749494865458305,-0.028660153036054483
11.185000000000349,-0.016141368660032598,-0.029460949584980408
11.19000000000035,-0.016485134430629007,-0.03018752807360784
11.19500000000035,-0.016779767569575693,-0.030837534754340562
11.200000000000351,-0.017024389931375707,-0.03140866230720828
11.205000000000352,-0.017218272454830243,-0.03189866901022223
11.210000000000353,-0.01736083733174169,-0.03230542119636775
11.215000000000353,-0.01745165971299415,-0.03262694477978276
11.220000000000354,-0.01749046895923571,-0.0328614742959353
11.225000000000355,-0.017477149433313993,-0.03300749345482537
11.230000000000356,-0.017411740833506155,-0.03306375900237713
11.235000000000356,-0.017294438072575406,-0.03302930174273586
11.240000000000357,-0.017125590703439195,-0.032903405923692244
11.245000000000358,-0.01690570189221655,-0.03268557499219712
11.250000000000359,-0.01663542693823273,-0.03237549672084712
11.25500000000036,-0.016315571336727504,-0.03197302073783242
11.26000000000036,-0.015947088384419248,-0.03147815653197011
11.265000000000361,-0.015531076337682708,-0.030891093553001913
11.270000000000362,-0.015068775133478814,-0.030212240078345436
11.275000000000363,-0.014561562680763604,-0.029442274763744763
11.280000000000364,-0.014010950734684202,-0.028582199253456172
11.285000000000364,-0.013418580374935919,-0.0276333765633411
11.290000000000365,-0.012786217107634612,-0.026597545998932534
11.295000000000366,-0.012115745604332793,-0.02547681345593664
11.300000000000367,-0.011409164093418791,-0.024273620785806818
11.305000000000367,-0.010668578418387932,-0.022990702972208434
11.310000000000368,-0.009896195777511142,-0.02163104461351622
11.315000000000369,-0.009094318160228364,-0.020197846410395848
11.32000000000037,-0.008265335494442772,-0.018694511318769046
11.32500000000037,-0.007411718522291703,-0.0171246551224379
11.330000000000371,-0.006536011427065765,-0.0154921365364334
11.335000000000372,-0.005640824236713821,-0.013801095385422717
11.340000000000373,-0.004728825029887824,-0.01205598694532809
11.345000000000374,-0.0038027319711120156,-0.010261602026288286
11.350000000000374,-0.002865305202173057,-0.008423064328279902
11.355000000000375,-0.0019193386162473613,-0.006545801605640229
11.360000000000376,-0.0009676515397921098,-0.004635494778134638
11.365000000000377,-1.3080344234522076e-5,-0.0026980153762545312
11.370000000000378,0.0009415299925806107,-0.0007393646725976441
11.375000000000378,0.001893334354039812,0.0012343731715818021
11.38000000000038,0.0028394959580959997,0.0032170569729875888
11.38500000000038,0.0037771948126834303,0.005202492335422362
11.39000000000038,0.004703636129710114,0.007184417168852861
11.395000000000381,0.005616058669319132,0.009156478229791553
11.400000000000382,0.006511742983170552,0.011112211501382615
11.405000000000383,0.007388019533322575,0.013045040136025914
11.410000000000384,0.008242276655429197,0.014948297959877562
11.415000000000385,0.00907196833477571,0.01681527494353227
11.420000000000385,0.009874621783881815,0.018639278112055905
11.425000000000386,0.010647844800531572,0.020413701508913428
11.430000000000387,0.011389332883498277,0.022132094287987635
11.435000000000388,0.012096876090393364,0.023788214980697303
11.440000000000389,0.012768365620130135,0.025376062828953428
11.44500000000039,0.01340180010340969,0.026889883100332874
11.45000000000039,0.013995291581941283,0.028324153066757268
11.45500000000039,0.014547071150957934,0.02967356136084861
11.460000000000392,0.015055494241503875,0.030932993182656576
11.465000000000392,0.015519045527991934,0.0320975305684573
11.470000000000393,0.015936343447936065,0.03316247308594265
11.475000000000394,0.016306144316110306,0.03412338158740585
11.480000000000395,0.016627346017787432,0.03497614087400672
11.485000000000396,0.016898991277288358,0.035717028187256965
11.490000000000396,0.01712027050007564,0.03634277308958168
11.495000000000397,0.017290524179974294,0.03685059823262259
11.500000000000398,0.01740924486335556,0.0372382348355027
11.505000000000399,0.017476078669367456,0.03750391505773875
11.5100000000004,0.017490826357008236,0.03764634723857285
11.5150000000004,0.017453443927715494,0.03766467794157016
11.520000000000401,0.017364042767347203,0.03755845335232582
11.525000000000402,0.01722288932172587,0.03732759770474387
11.530000000000403,0.01703040430175597,0.03697241635966103
11.535000000000403,0.01678716142371304,0.03649362135320052
11.540000000000404,0.016493885689556686,0.035892371494746556
11.545000000000405,0.016151451216112993,0.03517031519434493
11.550000000000406,0.01576087862306902,0.03432962437000778
11.555000000000407,0.015323331986210728,0.03337300989481836
11.560000000000407,0.014840115365084661,0.032303712190020435
11.565000000000408,0.014312668920087313,0.031125465493721628
11.570000000000409,0.013742564630747217,0.029842441751421728
11.57500000000041,0.01313150162189761,0.028459188265309566
11.58000000000041,0.012481301106050167,0.026980572941190006
11.585000000000411,0.011793900958717738,0.0254117449641487
11.590000000000412,0.011071349943672463,0.023758116013713696
11.595000000000413,0.010315801602507156,0.0220253628690736
11.600000000000414,0.00952950782762439,0.02021944498665347
11.605000000000414,0.008714812139362475,0.01834662572426948
11.610000000000415,0.007874142692267369,0.01641348409878013
11.615000000000416,0.007010005035923172,0.014426906215219651
11.620000000000417,0.006124974649056787,0.012394052029892152
11.625000000000417,0.005221689268359128,0.010322299885831233
11.630000000000418,0.004302841035008584,0.008219175340415384
11.635000000000419,0.00337116848078175,0.0060922740674671325
11.64000000000042,0.0024294483749575206,0.003949191886770468
11.64500000000042,0.0014804874523273919,0.0017974739897515593
11.650000000000421,0.0005271140449768472,-0.00035541126428021834
11.655000000000422,-0.0004278303551575264,-0.002502076283727894
11.660000000000423,-0.0013814995737674181,-0.004635203584314848
11.665000000000424,-0.002331051245106577,-0.006747531305288972
11.670000000000424,-0.003273655290978805,-0.0088318461925172
11.675000000000425,-0.00420650235982721,-0.010880993761028962
11.680000000000426,-0.005126812197391748,-0.012887911702022926
11.685000000000427,-0.006031841924712981,-0.014845685400991088
11.690000000000428,-0.006918894203527252,-0.01674761693418508
11.695000000000428,-0.007785325267332265,-0.018587295438970947
11.70000000000043,-0.008628552793633781,-0.02035865642499559
11.70500000000043,-0.009446063600568839,-0.02205602246192479
11.71000000000043,-0.010235421141426842,-0.0236741210601264
11.715000000000432,-0.010994272767055915,-0.025208075130965808
11.720000000000432,-0.011720356745571234,-0.026653372377890932
11.725000000000433,-0.012411509014664921,-0.02800583061205076
11.730000000000434,-0.01306566963793149,-0.02926157342896523
11.735000000000435,-0.013680888946026563,-0.030417025367066308
11.740000000000435,-0.014255333344528796,-0.03146892914327816
11.745000000000436,-0.014787290774829967,-0.03241438085437601
11.750000000000437,-0.01527517581319686,-0.03325087659126949
11.755000000000438,-0.015717534388910784,-0.033976361308060254
11.760000000000439,-0.01611304810737622,-0.03458926760773126
11.76500000000044,-0.01646053817357718,-0.03508853248153252
11.77000000000044,-0.016758968908961114,-0.03547358614206205
11.775000000000441,-0.017007450845949436,-0.03574431799966464
11.780000000000442,-0.01720524338407919,-0.035901029982251094
11.785000000000442,-0.017351757002338986,-0.03594438616344133
11.790000000000443,-0.017446555024211736,-0.03587536924414701
11.795000000000444,-0.01748935492458659,-0.0356952545721021
11.800000000000445,-0.017480029169626942,-0.035405606594992124
11.805000000000446,-0.017418605592025075,-0.03500829731352266
11.810000000000446,-0.01730526730007772,-0.03450553806246547
11.815000000000447,-0.01714035211928376,-0.03389990709979107
11.820000000000448,-0.016924351579050867,-0.033194361368449415
11.825000000000449,-0.016657909446377298,-0.03239222945837608
11.83000000000045,-0.016341819808283448,-0.031497182982719606
11.83500000000045,-0.01597702471167884,-0.030513186743265707
11.840000000000451,-0.015564611365686655,-0.029444435150023124
11.845000000000452,-0.01510580891267161,-0.02829528694383278
11.850000000000453,-0.014601984774853026,-0.027070211415921717
11.855000000000453,-0.014054640581416294,-0.025773755819647744
11.860000000000454,-0.01346540768656111,-0.024410536725942178
11.865000000000455,-0.012836042297477611,-0.022985250975856422
11.870000000000456,-0.012168420230709938,-0.021502697667984932
11.875000000000457,-0.011464531311910948,-0.01996780203354637
11.880000000000457,-0.010726473435951766,-0.018385629662755063
11.885000000000458,-0.009956446311268694,-0.01676137947721414
11.890000000000459,-0.00915674490916858,-0.015100352101866313
11.89500000000046,-0.008329752633812887,-0.013407898909239565
11.90000000000046,-0.007477934230945742,-0.011689361482763687
11.905000000000461,-0.006603828450865785,-0.009950012139300144
11.910000000000462,-0.005710040487426106,-0.008195005818514352
11.915000000000463,-0.004799234218226439,-0.006429353701991321
11.920000000000464,-0.00387412426194372,-0.0046579232809457515
11.925000000000464,-0.0029374678768050535,-0.002885460536300901
11.930000000000465,-0.001992056729973011,-0.0011166234268898526
11.935000000000466,-0.00104070856657542,0.000643986817019626
11.940000000000467,-8.625880600373752e-5,0.002391807043359511
11.945000000000467,0.0008684479104523931,0.00412231176829346
11.950000000000468,0.0018205661955578256,0.005831033794689763
11.955000000000469,0.0027672583881678744,0.007513604096899513
11.96000000000047,0.0037057029967006464,0.00916580259644154
11.96500000000047,0.004633103095042132,0.010783606509817467
11.970000000000471,0.005546694652178573,0.012363222945781991
11.975000000000472,0.006443754771043431,0.013901098898956864
11.980000000000473,0.007321609808244127,0.015393908850645332
11.985000000000474,0.008177643350480187,0.01683852385496901
11.990000000000475,0.009009304025145262,0.01823196982127777
11.995000000000475,0.00981411311748908,0.019571386491060074
12.000000000000476,0.010589671964860105,0.020853998967375244
12.005000000000477,0.011333669108185913,0.02207711226079748
12.010000000000478,0.012043887175431527,0.023238130796200972
12.015000000000478,0.0127182094730143,0.024334591765628282
12.02000000000048,0.013354626281314712,0.025364201857871492
12.02500000000048,0.013951240835683752,0.02632487152082601
12.03000000000048,0.014506274972546992,0.027214738008097664
12.035000000000482,0.015018074428942797,0.02803216884952237
12.040000000000482,0.01548511378013419,0.028775742488549055
12.045000000000483,0.015906001000931726,0.0294442096980061
12.050000000000484,0.016279481633486723,0.030036447286566036
12.055000000000485,0.016604442538590742,0.03055141805845201
12.060000000000485,0.016879915214086223,0.030988146948315726
12.065000000000486,0.01710507867633231,0.03134571739221634
12.070000000000487,0.017279261900034613,0.03162328798202123
12.075000000000488,0.017401945805966056,0.03182012748398755
12.080000000000489,0.01747276478995389,0.031935659808776926
12.08500000000049,0.017491507798409047,0.03196950383445222
12.09000000000049,0.01745811895484886,0.03192149646129486
12.095000000000491,0.017372697732342283,0.031791694699222314
12.100000000000492,0.017235498667059763,0.0315803572415289
12.105000000000492,0.017046930614762895,0.031287911932785455
12.110000000000493,0.016807555547140883,0.030914917876632392
12.115000000000494,0.016518086885544028,0.030462029346725875
12.120000000000495,0.01617938737883301,0.029929972731526575
12.125000000000496,0.015792466527718554,0.02931954709701627
12.130000000000496,0.015358477563751907,0.028631648078971752
12.135000000000497,0.014878713998072186,0.027867306823933256
12.140000000000498,0.01435460575310574,0.027027733740132332
12.145000000000499,0.013787714892232964,0.026114356552995287
12.1500000000005,0.013179730963360541,0.0251288435680866
12.1550000000005,0.01253246596872002,0.024073106419400178
12.160000000000501,0.011847848973800116,0.02294928186140395
12.165000000000502,0.011127920371390272,0.021759698024092392
12.170000000000503,0.0103748258144268,0.020506835398165307
12.175000000000503,0.009590809829828417,0.01919329525338502
12.180000000000504,0.008778209129228621,0.01782178423463947
12.185000000000505,0.007939445638747674,0.016395117751868048
12.190000000000506,0.007077019269783955,0.014916241819502806
12.195000000000507,0.0061935004540668625,0.013388268672625294
12.200000000000507,0.005291522470612773,0.011814516176174815
12.205000000000508,0.004373773587913923,0.010198538702210281
12.210000000000509,0.0034429890498121883,0.008544139728736057
12.21500000000051,0.0025019429334539214,0.006855363586805759
12.22000000000051,0.0015534398941030557,0.005136468897782183
12.225000000000511,0.0006003068188777923,0.0033918889403194655
12.230000000000512,-0.0003546155859728957,0.0016261871432613905
12.235000000000513,-0.001308481253335162,-0.00015598247199313813
12.240000000000514,-0.002258447236602563,-0.0019499000081077001
12.245000000000514,-0.0032016821908136387,-0.003750783744698732
12.250000000000515,-0.004135374826648858,-0.005553776065057276
12.255000000000516,-0.005056742305397663,-0.0073539196500497
12.260000000000517,-0.0059630385436882545,-0.009146133652831958
12.265000000000517,-0.006851562403115243,-0.01092519882485904
12.270000000000518,-0.007719665741202856,-0.012685758654815391
12.275000000000519,-0.00856476129742073,-0.014422341244900888
12.28000000000052,-0.009384330389342749,-0.016129401543914155
12.28500000000052,-0.010175930402124767,-0.017801376148684867
12.290000000000521,-0.010937202056748644,-0.01943273944450043
12.295000000000522,-0.011665876436733336,-0.02101805114436308
12.300000000000523,-0.012359781751034167,-0.0225519880471828
12.305000000000524,-0.013016849817721745,-0.0240293589299193
12.310000000000525,-0.013635122242790735,-0.02544510447706969
12.315000000000525,-0.01421275626628017,-0.026794282960145077
12.320000000000526,-0.014748030266288667,-0.028072050890535112
12.325000000000527,-0.015239348898142928,-0.02927365414484453
12.330000000000528,-0.015685247847037974,-0.030394438261635404
12.335000000000528,-0.016084398183593484,-0.031429879150512804
12.34000000000053,-0.01643561031149204,-0.03237563015894929
12.34500000000053,-0.016737837500761146,-0.033227577378884134
12.35000000000053,-0.01699017900037888,-0.033981894735812715
12.355000000000532,-0.01719188271881923,-0.03463509060723238
12.360000000000532,-0.017342347463338396,-0.0351840382363855
12.365000000000533,-0.01744112473696885,-0.03562598545253515
12.370000000000534,-0.017487920089211215,-0.035958545527539784
12.375000000000535,-0.01748259400862682,-0.03617967887043905
12.380000000000535,-0.017425162346670048,-0.036287676155260115
12.385000000000536,-0.017315796273319518,-0.03628114910137968
12.390000000000537,-0.017154821767257415,-0.03615903472869172
12.395000000000538,-0.01694271863872766,-0.03592061688878527
12.400000000000539,-0.016680119087249874,-0.03556556208775956
12.40500000000054,-0.01636780580513311,-0.0350939634172681
12.41000000000054,-0.016006709634707083,-0.03450638256077284
12.415000000000541,-0.015597906785708073,-0.03380387571301806
12.420000000000542,-0.015142615628536932,-0.03298799775462202
12.425000000000542,-0.014642193071110579,-0.03206078812504786
12.430000000000543,-0.014098130525980104,-0.031024741829200366
12.435000000000544,-0.013512049479141372,-0.029882770858573847
12.440000000000545,-0.01288569666965977,-0.028638165205362498
12.445000000000546,-0.012220938891351965,-0.02729456272590831
12.450000000000546,-0.011519757430290623,-0.025855934085626597
12.455000000000547,-0.010784242152370685,-0.024326584254315164
12.460000000000548,-0.01001658525997261,-0.02271116674630063
12.465000000000549,-0.009219074742608722,-0.02101470222378082
12.47000000000055,-0.008394087545989002,-0.01924259183779669
12.47500000000055,-0.007544082481273732,-0.017400618512185717
12.480000000000551,-0.006671592895730408,-0.01549493071451108
12.485000000000552,-0.005779219129234578,-0.013532005710893389
12.490000000000553,-0.004869620777825457,-0.011518596523437445
12.495000000000553,-0.003945508782377777,-0.00946167176949147
12.500000000000554,-0.003009637362656102,-0.007368358159007507
12.505000000000555,-0.002064795813736026,-0.005245892961523502
12.510000000000556,-0.0011138001908926548,-0.0031015910467747793
12.515000000000557,-0.00015948491302806547,-0.0009428297455832256
12.520000000000557,0.0007953056968082064,0.0012229513132679002
12.525000000000558,0.0017477259051377277,0.003388244816075093
12.530000000000559,0.002694937063222313,0.005545475676647558
12.53500000000056,0.003634116074927007,0.007687015402868262
12.54000000000056,0.004562463809623127,0.00980521443187955
12.545000000000561,0.005477213437923706,0.011892450160987778
12.550000000000562,0.006375638668629464,0.013941186604975918
12.555000000000563,0.007255061861339297,0.0159440394353029
12.560000000000564,0.008112861991748153,0.01789383710230768
12.565000000000564,0.008946482453079913,0.01978366830427131
12.570000000000565,0.009753438676181224,0.021606909588623706
12.575000000000566,0.010531325543727888,0.02335723444859173
12.580000000000567,0.011277824569837273,0.025028610728459147
12.585000000000568,0.011990710822233271,0.02661529348061009
12.590000000000568,0.012667859566918545,0.02811182095010182
12.595000000000569,0.013307252610715834,0.029513021657645144
12.60000000000057,0.013906984316949153,0.030814037183786655
12.60500000000057,0.014465267280022648,0.03201036251967468
12.610000000000571,0.014980437640836687,0.033097898455899714
12.615000000000572,0.015450960024548058,0.03407300013843554
12.620000000000573,0.015875432102330844,0.03493251183614657
12.625000000000574,0.016252588765220767,0.035673787069606396
12.630000000000575,0.016581305893974187,0.03629469217075493
12.635000000000575,0.01686060371649824,0.036793592720238355
12.640000000000576,0.01708964974154412,0.03716932676384581
12.645000000000577,0.017267761258912745,0.03742117233848186
12.650000000000578,0.017394407393485255,0.037548820185414056
12.655000000000578,0.01746921069656325,0.037552360856187454
12.66000000000058,0.017491948265879652,0.037432288832415624
12.66500000000058,0.01746255239811789,0.03718951964551598
12.67000000000058,0.017381110777400954,0.03682541295488906
12.675000000000582,0.017247866198283078,0.036341795981436956
12.680000000000582,0.017063215824275453,0.03574097946955731
12.685000000000583,0.016827709993097895,0.035025755613039763
12.690000000000584,0.01654205057937695,0.034199374250531774
12.695000000000585,0.016207088915281408,0.033265501743585786
12.700000000000585,0.015823823268871714,0.03222816954034232
12.705000000000586,0.015393395886407153,0.031091722179202485
12.710000000000587,0.014917089602438082,0.02986077326986219
12.715000000000588,0.014396324021726609,0.028540172824081483
12.720000000000589,0.013832651286694577,0.02713498986116651
12.72500000000059,0.01322775144174894,0.02565051194442565
12.73000000000059,0.012583427409312183,0.02409225412731977
12.735000000000591,0.011901599599197605,0.022465965663247104
12.740000000000592,0.011184300171884501,0.0207776256393313
12.745000000000593,0.01043366697637284,0.01903342268697697
12.750000000000593,0.009651937182529748,0.01723971745749694
12.755000000000594,0.008841440624151771,0.015402990297726443
12.760000000000595,0.008004592868904007,0.01352978072543936
12.765000000000596,0.007143888034063466,0.011626628113707226
12.770000000000596,0.006261891366091236,0.009700023458670453
12.775000000000597,0.005361231601002739,0.007756379785752179
12.780000000000598,0.00444459312560934,0.005802021812320495
12.785000000000599,0.003514707965920643,0.0038431893636469124
12.7900000000006,0.002574347629314489,0.0018860477215115498
12.7950000000006,0.001626314828299585,-6.330294854023632e-5
12.800000000000601,0.0006734351169577707,-0.00199882748657143
12.805000000000602,-0.00028145153676370797,-0.003914572707527592
12.810000000000603,-0.0012354992140230535,-0.005804703576021982
12.815000000000603,-0.002185864511799028,-0.007663550199884997
12.820000000000604,-0.0031297149998754177,-0.00948565565599934
12.825000000000605,-0.004064237648192903,-0.011265818155384567
12.830000000000606,-0.004986647200268046,-0.01299912140340256
12.835000000000607,-0.005894194470728408,-0.01468094867960203
12.840000000000607,-0.006784174543018438,-0.016306978316820726
12.845000000000608,-0.007653934844283909,-0.01787316220331041
12.850000000000609,-0.00850088307036916,-0.01937569641804014
12.85500000000061,-0.00932249492890624,-0.0208109965695287
12.86000000000061,-0.010116321670764221,-0.02217568679765362
12.865000000000611,-0.010879997388593778,-0.0234666048559764
12.870000000000612,-0.011611246063449768,-0.024680821157594544
12.875000000000613,-0.012307888337145181,-0.025815669058523828
12.880000000000614,-0.012967847989426235,-0.02686878059150572
12.885000000000614,-0.013589158108146732,-0.027838116505159684
12.890000000000615,-0.014169966942767658,-0.028721980392983078
12.895000000000616,-0.014708543423527067,-0.029519012586329045
12.900000000000617,-0.01520328232645149,-0.03022816521468205
12.905000000000618,-0.0156527090723953,-0.03084866689397168
12.910000000000618,-0.016055484138823174,-0.03137998571081366
12.915000000000619,-0.016410407060972302,-0.03182179296274714
12.92000000000062,-0.01671642001827122,-0.032173934902663764
12.92500000000062,-0.01697261099002799,-0.0324364234454098
12.930000000000621,-0.0171782164659933,-0.03260944720531239
12.935000000000622,-0.017332623709191374,-0.03269339539379966
12.940000000000623,-0.0174353725675218,-0.03268888377626938
12.945000000000624,-0.017486156834403882,-0.032596772073362486
12.950000000000625,-0.017484825158278587,-0.03241816692705471
12.955000000000625,-0.017431381494270815,-0.03215440881652758
12.960000000000626,-0.017325985094702075,-0.031807043398083934
12.965000000000627,-0.01716895004334351,-0.03137778054459553
12.970000000000628,-0.016960744334348164,-0.030868449261345687
12.975000000000628,-0.01670198849018066,-0.03028096163880745
12.98000000000063,-0.016393453715606254,-0.0296172947704186
12.98500000000063,-0.01603605959686265,-0.028879490361010375
12.99000000000063,-0.015630871356531253,-0.028069669276548692
12.995000000000632,-0.015179096669762422,-0.027190057003823997
13.000000000000632,-0.014682082052455874,-0.02624301180461319
13.005000000000633,-0.014141308837659811,-0.025231046486778486
13.010000000000634,-0.013558388754239576,-0.024156835413046553
13.015000000000635,-0.012935059122812021,-0.023023200950848623
13.020000000000636,-0.012273177684846315,-0.02183308272481557
13.025000000000636,-0.011574717076006203,-0.02058949952070946
13.030000000000637,-0.010841758957811495,-0.01929551217457252
13.035000000000638,-0.010076487824089883,-0.017954194232054785
13.040000000000639,-0.009281184496935812,-0.016568617582793432
13.04500000000064,-0.008458219329168418,-0.015141857682093241
13.05000000000064,-0.007610045134058753,-0.013677016598656437
13.055000000000641,-0.006739189864751732,-0.012177256069944785
13.060000000000642,-0.005848249067594757,-0.010645830205196286
13.065000000000643,-0.004939878135927436,-0.009086108395626433
13.070000000000643,-0.0040167843902955335,-0.007501582581804388
13.075000000000644,-0.003081719009303673,-0.0058958574161480665
13.080000000000645,-0.002137468835475796,-0.004272624580302216
13.085000000000646,-0.0011868480802005965,-0.002635626330346489
13.090000000000646,-0.00023268994783138337,-0.0009886184810486472
13.095000000000647,0.0007221617994803795,0.0006646563431425167
13.100000000000648,0.00167486131050156,0.002320478373304203
13.105000000000649,0.002622569128505175,0.003975143150992118
13.11000000000065,0.003562460661311129,0.005624940675315175
13.11500000000065,0.004491734604432147,0.007266124528508327
13.120000000000651,0.005407621300238117,0.008894878741519705
13.125000000000652,0.006307391004046734,0.010507294717549197
13.130000000000653,0.007188362025283451,0.01209936714608034
13.135000000000653,0.008047908719506112,0.013667011441873874
13.140000000000654,0.008883469308049001,0.015206097906115905
13.145000000000655,0.009692553505811325,0.01671249305576665
13.150000000000656,0.010472749936740038,0.01818209972316184
13.155000000000657,0.011221733313381431,0.019610889138629316
13.160000000000657,0.011937271359121465,0.020994918498035097
13.165000000000658,0.012617231458266459,0.022330329975063786
13.170000000000659,0.013259587017983725,0.023613332865424677
13.17500000000066,0.013862423518475015,0.024840178367823904
13.18000000000066,0.014423944226104449,0.02600713885320895
13.185000000000661,0.014942475553767681,0.027110498969936957
13.190000000000662,0.015416472055307546,0.02814656303146975
13.195000000000663,0.015844521034431198,0.029111681049615673
13.200000000000664,0.016225346750556167,0.030002290744339223
13.205000000000664,0.01655781421478154,0.03081497006076274
13.210000000000665,0.016840932564148193,0.03154648989628135
13.215000000000666,0.01707385800177186,0.032193851148891874
13.220000000000667,0.017255896306715014,0.032754299636636064
13.225000000000668,0.017386504904361555,0.03322532362542238
13.230000000000668,0.017465294486630124,0.03360463895588811
13.23500000000067,0.01749203017980679,0.03389016762596731
13.24000000000067,0.017466632254802023,0.03408001828314484
13.24500000000067,0.017389176376029335,0.03417247736000958
13.250000000000671,0.017259893385161103,0.034166018226556814
13.255000000000672,0.017079168614282405,0.034059330638181
13.260000000000673,0.01684754072905978,0.033851365408162346
13.265000000000674,0.016565700112372572,0.03354138410610968
13.270000000000675,0.016234486797934614,0.03312900324640946
13.275000000000675,0.015854887958489085,0.03261422636025575
13.280000000000676,0.015428034955219511,0.03199745854066754
13.285000000000677,0.01495519996359074,0.03127949923047332
13.290000000000678,0.014437792188965279,0.0304615171525428
13.295000000000678,0.0138773536777508,0.029545017857738866
13.30000000000068,0.01327555473230259,0.02853181404715513
13.30500000000068,0.012634188941717578,0.027424007765116904
13.31000000000068,0.01195516784096055,0.026223989752704402
13.315000000000682,0.011240515213015865,0.024934454475017236
13.320000000000682,0.010492361051789459,0.023558427295860787
13.325000000000683,0.009712935204074222,0.022099297977543956
13.330000000000684,0.008904560712566807,0.02056084914806306
13.335000000000685,0.008069646883961227,0.018947268450698256
13.340000000000686,0.0072106821045890505,0.01726313946062596
13.345000000000686,0.006330226425950273,0.015513412403808303
13.350000000000687,0.0054309039415280135,0.013703359273841293
13.355000000000688,0.004515394975027955,0.011838521040546508
13.360000000000689,0.0035864281011516994,0.009924657352754942
13.36500000000069,0.0026467720208016112,0.00796770848721326
13.37000000000069,0.001699227312530097,0.0059737754043497045
13.375000000000691,0.0007466180834119185,0.0039491186471037835
13.380000000000692,-0.00020821645498824218,0.0019001700601564164
13.385000000000693,-0.0011624304578004825,-0.00016645279607477022
13.390000000000693,-0.002113179938444358,-0.0022439389181530688
13.395000000000694,-0.0030576312522071396,-0.004325290830978809
13.400000000000695,-0.003992969542696186,-0.006403351660695659
13.405000000000696,-0.004916407130664105,-0.008470854052600344
13.410000000000696,-0.005825191817077265,-0.010520485695706534
13.415000000000697,-0.006716615071509544,-0.012544957489173478
13.420000000000698,-0.00758802009393378,-0.01453706248591157
13.425000000000699,-0.008436809727981375,-0.016489720211990785
13.4300000000007,-0.009260454200270772,-0.018396003260192674
13.4350000000007,-0.010056498664169869,-0.020249146572349004
13.440000000000701,-0.010822570524053419,-0.022042543305017016
13.445000000000702,-0.011556386518104401,-0.02376973453258708
13.450000000000703,-0.012255759536608693,-0.025424404508927936
13.455000000000704,-0.012918605148210801,-0.027000392340996486
13.460000000000704,-0.01354294781046147,-0.02849172434317613
13.465000000000705,-0.014126926750284055,-0.029892664053535967
13.470000000000706,-0.014668801501535243,-0.0311977722522251
13.475000000000707,-0.015166957082793843,-0.03240196927995031
13.480000000000707,-0.015619908799126413,-0.033500591048644925
13.485000000000708,-0.016026306659222483,-0.03448942806648211
13.490000000000709,-0.016384939400480615,-0.03536474132250404
13.49500000000071,-0.016694738107223845,-0.0361232569255021
13.50000000000071,-0.016954779405291467,-0.036762146261912376
13.505000000000711,-0.017164288226906993,-0.03727900383852192
13.510000000000712,-0.017322640131875355,-0.03767183306672145
13.515000000000713,-0.017429363168565748,-0.03793904091392618
13.520000000000714,-0.017484139277910406,-0.03807944507748234
13.525000000000714,-0.017486805235184033,-0.03809229918856692
13.530000000000715,-0.017437353125731136,-0.037977331110690835
13.535000000000716,-0.017335930358754657,-0.03773478271358655
13.540000000000717,-0.017182839221007627,-0.03736543928964478
13.545000000000718,-0.01697853597479425,-0.03687063936436951
13.550000000000718,-0.016723629504146627,-0.03625226228032501
13.55500000000072,-0.016418879508587815,-0.035512696959640634
13.56000000000072,-0.01606519424608565,-0.03465479820480322
13.56500000000072,-0.01566362783325878,-0.03368183815613977
13.570000000000721,-0.015215377110359234,-0.03259746205377231
13.575000000000722,-0.014721778076065398,-0.03140565924810376
13.580000000000723,-0.014184301899263577,-0.0301107542858004
13.585000000000724,-0.013604550524570531,-0.0287174131689033
13.590000000000725,-0.012984251889631317,-0.02723065737190407
13.595000000000725,-0.012325254767683425,-0.025655877541229118
13.600000000000726,-0.01162952325246247,-0.023998837344739402
13.605000000000727,-0.010899130904202872,-0.022265660346879868
13.610000000000728,-0.010136254574263948,-0.020462796229673744
13.615000000000729,-0.009343167925860183,-0.01859696690936256
13.62000000000073,-0.008522234667368178,-0.01667510047039503
13.62500000000073,-0.007675901515231934,-0.014704265093934007
13.63000000000073,-0.006806690905635657,-0.012691612612482561
13.635000000000732,-0.0059171934762018395,-0.010644337223022073
13.640000000000732,-0.0050100603399818346,-0.008569652297920201
13.645000000000733,-0.00408799517561708,-0.006474784421986595
13.650000000000734,-0.003153746159503696,-0.004366978271532568
13.655000000000735,-0.002210097766671577,-0.0022535022466143436
13.660000000000736,-0.0012598624676304156,-0.00014164469286159016
13.665000000000736,-0.00030587234717662973,0.001961306471741934
13.670000000000737,0.000649029330853233,0.004048102362713318
13.675000000000738,0.0016019965894017107,0.006111586251550534
13.680000000000739,0.00255018921087647,0.008144754941064133
13.68500000000074,0.003490781193715134,0.010140819960669022
13.69000000000074,0.004420969171414828,0.012093258562094379
13.695000000000741,0.005337980769907773,0.01399584666795782
13.700000000000742,0.006239082875650831,0.015842670734023533
13.705000000000743,0.007121589792973099,0.01762812340625725
13.710000000000743,0.007982871259568406,0.0193468911235367
13.715000000000744,0.00882036028687515,0.020993937607910032
13.720000000000745,0.009631560812157174,0.022564490777031043
13.725000000000746,0.010414055137887058,0.024054044056752478
13.730000000000746,0.011165511131504866,0.025458376492948378
13.735000000000747,0.011883689166874371,0.026773589099811982
13.740000000000748,0.012566448789753378,0.027996148689463825
13.745000000000749,0.01321175509332446,0.029122927126656963
13.75000000000075,0.013817684786413128,0.03015122788593008
13.75500000000075,0.01438243193006786,0.031078796286016612
13.760000000000751,0.014904313322195403,0.031903811878143284
13.765000000000752,0.015381773519167669,0.03262486363968966
13.770000000000753,0.015813389481077647,0.0332409129364183
13.775000000000754,0.016197874820031856,0.03375125608379987
13.780000000000754,0.01653408363201371,0.03415549790680991
13.785000000000755,0.01682101390523597,0.03445354000014846
13.790000000000756,0.01705781050154646,0.03464558370921919
13.795000000000757,0.017243767700186693,0.0347321457117412
13.800000000000757,0.017378331293592498,0.034714079959665536
13.805000000000758,0.017461100235687366,0.03459259939959378
13.810000000000759,0.017491827837118105,0.03436928862023464
13.81500000000076,0.017470422499779665,0.03404609515837997
13.82000000000076,0.017396947996463324,0.03362529789253514
13.825000000000761,0.017271623289580644,0.033109462134911144
13.830000000000762,0.017094821884352393,0.03250138989925688
13.835000000000763,0.016867070720072094,0.03180407228635624
13.840000000000764,0.01658904860138276,0.03102065124854598
13.845000000000764,0.016261584174671717,0.03015439624023438
13.850000000000765,0.01588565345555202,0.029208698435786593
13.855000000000766,0.015462376912228364,0.028187080350056633
13.860000000000767,0.014993016115002561,0.027093213112456247
13.865000000000768,0.014478969969098534,0.0259309307629641
13.870000000000768,0.013921770544948213,0.02470423298914213
13.87500000000077,0.013323078514903452,0.023417273674972986
13.88000000000077,0.012684678206915401,0.022074334776939136
13.88500000000077,0.012008472293071944,0.020679785966690546
13.890000000000772,0.011296476128584408,0.019238036692326002
13.895000000000772,0.010550811752436022,0.01775349142762226
13.900000000000773,0.00977370156535064,0.01623051710536278
13.905000000000774,0.008967461702412175,0.014673427298562714
13.910000000000775,0.008134495122921033,0.013086482943419213
13.915000000000775,0.00727728444281287,0.011473906646204544
13.920000000000776,0.00639838452843575,0.009839904959929577
13.925000000000777,0.00550041487480735,0.008188690151983917
13.930000000000778,0.00458605179528457,0.006524492016530465
13.935000000000779,0.0036580204478875596,0.004851552892759565
13.94000000000078,0.0027190867208748207,0.003174105988185658
13.94500000000078,0.0017720489975631014,0.001496342943837464
13.95000000000078,0.0008197298222451936,-0.00017762234492826922
13.955000000000782,-0.00013503250751260526,-0.0018437866474048535
13.960000000000782,-0.0010893923970556304,-0.003498279918282351
13.965000000000783,-0.002040505436804436,-0.0051373716810528686
13.970000000000784,-0.002985536886796609,-0.006757459335796887
13.975000000000785,-0.003921670135462371,-0.008355042762416965
13.980000000000786,-0.004846115102060759,-0.009926694293213892
13.985000000000786,-0.0057561165559248985,-0.01146903289878428
13.990000000000787,-0.006648962329829293,-0.01297870900524295
13.995000000000788,-0.007521991402041494,-0.01445240392538002
14.000000000000789,-0.008372601819766082,-0.01588684455663502
14.00500000000079,-0.00919825844726141,-0.017278831810779056
14.01000000000079,-0.009996500513969175,-0.018625275857030932
14.015000000000791,-0.010764948936383445,-0.019923223927932065
14.020000000000792,-0.01150131340653374,-0.02116987214684112
14.025000000000793,-0.012203399223686424,-0.022362562272949107
14.030000000000793,-0.012869113842455041,-0.023498765584783678
14.035000000000794,-0.013496473118496274,-0.024576057357921035
14.040000000000795,-0.014083607231109605,-0.025592087488602755
14.045000000000796,-0.014628766265090142,-0.026544554309240267
14.050000000000797,-0.015130325433128004,-0.027431190493239003
14.055000000000797,-0.015586789916418065,-0.028249767148943075
14.060000000000798,-0.015996799307518104,-0.02899811514038158
14.065000000000799,-0.016359131650935665,-0.029674156759477533
14.0700000000008,-0.016672707076120785,-0.030275939206394785
14.0750000000008,-0.016936591010230092,-0.030801664355206627
14.080000000000801,-0.01714999695808542,-0.03124970941563945
14.085000000000802,-0.017312288846747022,-0.031618631719874
14.090000000000803,-0.017422982932081714,-0.03190715693803107
14.095000000000804,-0.017481749254896463,-0.0321141572074603
14.100000000000804,-0.017488412635298326,-0.03223862744090208
14.105000000000805,-0.017442953203867722,-0.032279669492624
14.110000000000806,-0.017345506463503017,-0.03223649008653842
14.115000000000807,-0.01719636287794743,-0.032108410420477636
14.120000000000807,-0.016995966996731653,-0.03189488711066655
14.125000000000808,-0.01674491611829858,-0.03159554495705775
14.130000000000809,-0.01644395849678379,-0.03121021413217849
14.13500000000081,-0.016093991104613847,-0.03073896125277044
14.14000000000081,-0.015696056959058128,-0.030182107306030475
14.145000000000811,-0.01525134202080958,-0.029540229882549954
14.150000000000812,-0.014761171672424167,-0.028814151723215838
14.155000000000813,-0.014227006781679128,-0.028004920856735484
14.160000000000814,-0.013650439356807917,-0.02711378912782347
14.165000000000814,-0.013033187806883024,-0.026142195937851758
14.170000000000815,-0.012377091821164324,-0.025091763199817818
14.175000000000816,-0.011684106879738162,-0.023964306039249473
14.180000000000817,-0.010956298411750214,-0.02276185754840264
14.185000000000818,-0.010195835625571647,-0.021486699542011302
14.190000000000818,-0.009404985033688414,-0.020141391745471533
14.19500000000082,-0.00858610369200038,-0.018728793399559903
14.20000000000082,-0.007741632176008765,-0.017252071548179097
14.20500000000082,-0.006874087313258427,-0.015714692946333077
14.210000000000822,-0.00598605469376705,-0.014120400977229407
14.215000000000822,-0.00508018098010189,-0.012473183727291247
14.220000000000823,-0.004159166030888023,-0.010777241873912656
14.225000000000824,-0.0032257548585703606,-0.009036963875792777
14.230000000000825,-0.0022827294465168975,-0.007256912524747145
14.235000000000825,-0.0013329004502454001,-0.0054418234702616475
14.240000000000826,-0.00037909880902819494,-0.003596614288714807
14.245000000000827,0.0005758327055717647,-0.0017263999021166886
14.250000000000828,0.0015290479757342431,0.00016349375457384873
14.255000000000829,0.0024777060270576123,0.00206752639990361
14.26000000000083,0.0034189794930036604,0.003979955188775002
14.26500000000083,0.004350063031767788,0.005894861887346781
14.270000000000831,0.00526818167521183,0.0078061920412451635
14.275000000000832,0.006170599086718043,0.009707800841479462
14.280000000000832,0.007054625704239251,0.011593499399759377
14.285000000000833,0.007917626748830162,0.01345709400285193
14.290000000000834,0.008757030079418653,0.015292412630466786
14.295000000000835,0.009570333868907613,0.017093317808644815
14.300000000000836,0.010355114073555877,0.018853709072937784
14.305000000000836,0.011109031674073074,0.020567522886718818
14.310000000000837,0.011829839659163174,0.022228737192226018
14.315000000000838,0.012515389722168755,0.02383138146448644
14.320000000000839,0.013163638661015302,0.025369555723423417
14.32500000000084,0.013772654460841253,0.026837464096249968
14.33000000000084,0.014340622038594543,0.028229461081533153
14.335000000000841,0.014865848638555373,0.029540103316050996
14.340000000000842,0.01534676886677391,0.03076419809172624
14.345000000000843,0.015781949354450625,0.03189684092569451
14.350000000000843,0.01617009303779464,0.032933439527975845
14.355000000000844,0.016510043034869092,0.03386972548202009
14.360000000000845,0.016800786102798584,0.03470175656413928
14.365000000000846,0.017041455667718246,0.03542591372354994
14.370000000000847,0.01723133441844213,0.036038898502089634
14.375000000000847,0.017369856449304603,0.03653773938366832
14.380000000000848,0.01745660894018277,0.03691981178666311
14.385000000000849,0.017491333374262785,0.03718286849181499
14.39000000000085,0.017473926297380198,0.03732507575330597
14.39500000000085,0.01740443961649177,0.03734505051199003
14.400000000000851,0.017283080436221985,0.037241891930352405
14.405000000000852,0.017110210439979394,0.03701520299890505
14.410000000000853,0.01688634481680401,0.036665098822880604
14.415000000000854,0.016612150732005754,0.036192196248028004
14.420000000000854,0.016288445350517454,0.035597589095808166
14.425000000000855,0.01591619341407503,0.034882821018345056
14.430000000000856,0.015496504373318119,0.03404986317180601
14.435000000000857,0.015030629083883897,0.033101100069561934
14.440000000000857,0.01451995607577781,0.03203932580759492
14.445000000000858,0.013966007408519056,0.03086774987477904
14.450000000000859,0.013370434126072661,0.029590008884027488
14.45500000000086,0.012735011324662525,0.028210178407754714
14.46000000000086,0.012061632850958041,0.02673277811952872
14.465000000000861,0.01135230565264548,0.025162764029570173
14.470000000000862,0.010609143800182212,0.02350550505461625
14.475000000000863,0.009834362194307824,0.02176674721644016
14.480000000000864,0.009030269973678189,0.01995257012648746
14.485000000000865,0.008199263642551944,0.01806933963955025
14.490000000000865,0.0073438199378310694,0.016123663428759875
14.495000000000866,0.0064664884523030035,0.014122356154711878
14.500000000000867,0.005569884034643605,0.01207241659239067
14.505000000000868,0.004656678986762221,0.009981014433855462
14.510000000000868,0.0037295950873007942,0.007855481775438638
14.51500000000087,0.0027913954721426933,0.005703304792218913
14.52000000000087,0.00184487639184965,0.00353211050430038
14.52500000000087,0.0008928588725787918,0.001349643115572391
14.530000000000872,-6.181969078121238e-5,-0.0008362731971333114
14.535000000000872,-0.0010163139843498987,-0.0030177844252180118
14.540000000000873,-0.0019677792442396105,-0.005187063840489453
14.545000000000874,-0.002913379724637674,-0.00733636740625849
14.550000000000875,-0.0038502971441417596,-0.009458081558808208
14.555000000000875,-0.004775739084012862,-0.011544760342168007
14.560000000000876,-0.005686947311011936,-0.013589150387828727
14.565000000000877,-0.006581206002470011,-0.015584204219826025
14.570000000000878,-0.007455849850797364,-0.01752308527976993
14.575000000000879,-0.008308272018960611,-0.01939917203004271
14.58000000000088,-0.009135931916784811,-0.021206069170681168
14.58500000000088,-0.009936362774185428,-0.022937629591610203
14.590000000000881,-0.010707178991626713,-0.024587986732458184
14.595000000000882,-0.011446083245374848,-0.026151595119718207
14.600000000000882,-0.012150873324904108,-0.027623274359678776
14.605000000000883,-0.012819448689040102,-0.02899825247419641
14.610000000000884,-0.01344981671979909,-0.030272202325197634
14.615000000000885,-0.01404009865149552,-0.0314412596787034
14.620000000000886,-0.014588535170695738,-0.03250202097118997
14.625000000000886,-0.015093491667993342,-0.03345152979136593
14.630000000000887,-0.015553463118950917,-0.03428725943862059
14.635000000000888,-0.01596707857938398,-0.03500709693059299
14.640000000000889,-0.016333105279381987,-0.03560933285752139
14.64500000000089,-0.016650452304707707,-0.036092659695405566
14.65000000000089,-0.016918173852753272,-0.03645618087745261
14.655000000000891,-0.017135472046576117,-0.03669942988133336
14.660000000000892,-0.017301699298716826,-0.03682239325965763
14.665000000000893,-0.017416360227278355,-0.03682552831090478
14.670000000000893,-0.01747911312459604,-0.03670976799322635
14.675000000000894,-0.017489770971815918,-0.03647651248305496
14.680000000000895,-0.0174483019932277,-0.03612760849184758
14.685000000000896,-0.017354829753644392,-0.035665316075178206
14.690000000000897,-0.017209632801961406,-0.03509226781057147
14.695000000000897,-0.017013143855260763,-0.03441142944161472
14.700000000000898,-0.016765948518902778,-0.03362606875952073
14.705000000000899,-0.016468783547288618,-0.03273973756330882
14.7100000000009,-0.01612253464790496,-0.03175626653265307
14.7150000000009,-0.015728233832696722,-0.030679765305187415
14.720000000000901,-0.015287056332059297,-0.0295146226260354
14.725000000000902,-0.014800317081125341,-0.028265504444134386
14.730000000000903,-0.014269466789770147,-0.02693734363841998
14.735000000000904,-0.013696087613649913,-0.025535315442796153
14.740000000000904,-0.013081888440407568,-0.024064798611181437
14.745000000000905,-0.012428699804659193,-0.022531327170874714
14.750000000000906,-0.011738468445187117,-0.020940539939893418
14.755000000000907,-0.011013251514879682,-0.019298134935877512
14.760000000000908,-0.01025521045656348,-0.017609834263695192
14.765000000000908,-0.009466604563881452,-0.01588136237438813
14.770000000000909,-0.008649784246460629,-0.01411843771246677
14.77500000000091,-0.007807184017522355,-0.012326775494781587
14.78000000000091,-0.006941315225300099,-0.010512094587631641
14.785000000000911,-0.0060547585559295744,-0.008680118796468506
14.790000000000912,-0.005150156333700709,-0.006836566919248501
14.795000000000913,-0.004230204642434984,-0.004987130225895
14.800000000000914,-0.0032976452939862035,-0.0031374386041895215
14.805000000000915,-0.002355257663000391,-0.0012930181074880046
14.810000000000915,-0.0014058504124781386,0.0005407542861748807
14.815000000000916,-0.00045225313829722665,0.0023586877398354992
14.820000000000917,0.000502692053392357,0.004155798461181244
14.825000000000918,0.0014561390146602857,0.005927313906007856
14.830000000000918,0.002405246042434191,0.007668663717676431
14.83500000000092,0.003347184356625959,0.009375463341830623
14.84000000000092,0.0042791465420949065,0.011043495939342974
14.84500000000092,0.005198354928720382,0.012668697462672183
14.850000000000922,0.006102069881962132,0.014247151558377094
14.855000000000922,0.006987597972679917,0.01577509956420859
14.860000000000923,0.00785229999912147,0.017248964718951765
14.865000000000924,0.008693598841491925,0.01866538332595144
14.870000000000925,0.009508987130915997,0.020021233317689294
14.875000000000925,0.010296034711685269,0.02131365426844513
14.880000000000926,0.011052395873803427,0.02254005569605244
14.885000000000927,0.011775816338691491,0.023698110277336093
14.890000000000928,0.012464139982494208,0.024785731951040644
14.895000000000929,0.01311531527354241,0.02580104448125328
14.90000000000093,0.013727401398685694,0.026742348986787956
14.90500000000093,0.01429857406208123,0.027608101210166516
14.910000000000931,0.014827130931710994,0.028396904351052868
14.915000000000932,0.015311496709200359,0.02910751244116204
14.920000000000933,0.01575022781989023,0.02973884109635727
14.925000000000933,0.016142016707898096,0.03028998641325123
14.930000000000934,0.016485695720403763,0.030760246518364107
14.935000000000935,0.01678024057570764,0.031149136329018553
14.940000000000936,0.01702477340860303,0.03145638793115776
14.945000000000936,0.017218565388222182,0.03168193394557
14.950000000000937,0.017361038900329466,0.0318258784933616
14.955000000000938,0.017451769280050475,0.03188846401527979
14.960000000000939,0.01749048608490108,0.031870041023068785
14.96500000000094,0.017477073907689343,0.031771045662676516
14.97000000000094,0.017411572727799876,0.03159198955141482
14.975000000000941,0.017294177793518814,0.031333466894458664
14.980000000000942,0.017125239030875074,0.030996177377595354
14.985000000000943,0.016905259987916577,0.030580954682135498
14.990000000000943,0.01663489632502664,0.03008879126038952
